,Unnamed: 0,back_color_b,back_color_g,back_color_r,distractor_color_b,distractor_color_g,distractor_color_r,image_file_name,item_radius,num_item,target_color_b,target_color_g,target_color_r,target_x,target_y,iou_conv1_poolsize8,iou_conv2_poolsize8,iou_conv3_poolsize8,iou_conv4_poolsize8,iou_conv5_poolsize8
0,0,0.0,0.0,0.0,255.0,255.0,255.0,0000.png,20.0,3.0,0.0,0.0,255.0,90.0,270.0,0.22771887481212616,0.0,0.0,0.0,0.0
1,1,0.0,0.0,0.0,255.0,255.0,255.0,0001.png,20.0,4.0,0.0,0.0,255.0,210.0,30.0,0.462731271982193,0.0,0.0,0.0,0.0
2,2,0.0,0.0,0.0,255.0,255.0,255.0,0002.png,20.0,5.0,0.0,0.0,255.0,90.0,510.0,0.0,0.02148699387907982,0.02148699387907982,0.02148699387907982,0.0
3,3,0.0,0.0,0.0,255.0,255.0,255.0,0003.png,20.0,6.0,0.0,0.0,255.0,210.0,30.0,0.4838256239891052,0.0,0.4838256239891052,0.0,0.0
4,4,0.0,0.0,0.0,255.0,255.0,255.0,0004.png,20.0,7.0,0.0,0.0,255.0,210.0,270.0,0.4115280210971832,0.4115280210971832,0.0,0.0,0.0
5,5,0.0,0.0,0.0,255.0,255.0,255.0,0005.png,20.0,8.0,0.0,0.0,255.0,570.0,30.0,0.3519573211669922,0.3519573211669922,0.3519573211669922,0.0,0.0
6,6,0.0,0.0,0.0,255.0,255.0,255.0,0006.png,20.0,3.0,0.0,255.0,0.0,210.0,450.0,0.10154946148395538,0.0,0.0,0.0,0.0
7,7,0.0,0.0,0.0,255.0,255.0,255.0,0007.png,20.0,4.0,0.0,255.0,0.0,510.0,510.0,0.33278557658195496,0.0,0.0,0.0,0.0
8,8,0.0,0.0,0.0,255.0,255.0,255.0,0008.png,20.0,5.0,0.0,255.0,0.0,570.0,90.0,0.17553573846817017,0.0,0.17553573846817017,0.17553573846817017,0.0
9,9,0.0,0.0,0.0,255.0,255.0,255.0,0009.png,20.0,6.0,0.0,255.0,0.0,570.0,90.0,0.1782878339290619,0.0,0.0,0.1782878339290619,0.1782878339290619
10,10,0.0,0.0,0.0,255.0,255.0,255.0,0010.png,20.0,7.0,0.0,255.0,0.0,330.0,570.0,0.5005041360855103,0.0,0.5005041360855103,0.5005041360855103,0.0
11,11,0.0,0.0,0.0,255.0,255.0,255.0,0011.png,20.0,8.0,0.0,255.0,0.0,270.0,90.0,0.4840802252292633,0.0,0.0,0.0,0.0
12,12,0.0,0.0,0.0,255.0,255.0,255.0,0012.png,20.0,3.0,255.0,0.0,0.0,270.0,150.0,0.2852451205253601,0.0,0.0,0.0,0.0
13,13,0.0,0.0,0.0,255.0,255.0,255.0,0013.png,20.0,4.0,255.0,0.0,0.0,390.0,510.0,0.3358173668384552,0.0,0.0,0.0,0.0
14,14,0.0,0.0,0.0,255.0,255.0,255.0,0014.png,20.0,5.0,255.0,0.0,0.0,210.0,330.0,0.29511183500289917,0.0,0.0,0.0,0.0
15,15,0.0,0.0,0.0,255.0,255.0,255.0,0015.png,20.0,6.0,255.0,0.0,0.0,30.0,330.0,0.12525562942028046,0.12525562942028046,0.12525562942028046,0.0,0.12525562942028046
16,16,0.0,0.0,0.0,255.0,255.0,255.0,0016.png,20.0,7.0,255.0,0.0,0.0,330.0,390.0,0.3130776286125183,0.3130776286125183,0.3130776286125183,0.0,0.0
17,17,0.0,0.0,0.0,255.0,255.0,255.0,0017.png,20.0,8.0,255.0,0.0,0.0,450.0,90.0,0.019936643540859222,0.019936643540859222,0.019936643540859222,0.019936643540859222,0.019936643540859222
18,18,0.0,0.0,0.0,0.0,0.0,255.0,0018.png,20.0,3.0,255.0,255.0,255.0,390.0,30.0,0.0,0.0,0.0,0.0,0.0
19,19,0.0,0.0,0.0,0.0,0.0,255.0,0019.png,20.0,4.0,255.0,255.0,255.0,210.0,570.0,0.604654848575592,0.604654848575592,0.604654848575592,0.604654848575592,0.604654848575592
20,20,0.0,0.0,0.0,0.0,0.0,255.0,0020.png,20.0,5.0,255.0,255.0,255.0,390.0,90.0,0.0,0.41855642199516296,0.0,0.0,0.0
21,21,0.0,0.0,0.0,0.0,0.0,255.0,0021.png,20.0,6.0,255.0,255.0,255.0,570.0,270.0,0.2691926658153534,0.0,0.0,0.2691926658153534,0.2691926658153534
22,22,0.0,0.0,0.0,0.0,0.0,255.0,0022.png,20.0,7.0,255.0,255.0,255.0,90.0,30.0,0.5923305749893188,0.0,0.0,0.0,0.0
23,23,0.0,0.0,0.0,0.0,0.0,255.0,0023.png,20.0,8.0,255.0,255.0,255.0,30.0,270.0,0.0,0.0,0.0,0.0,0.0
24,24,0.0,0.0,0.0,0.0,0.0,255.0,0024.png,20.0,3.0,0.0,255.0,0.0,30.0,570.0,0.3820875883102417,0.3820875883102417,0.3820875883102417,0.0,0.0
25,25,0.0,0.0,0.0,0.0,0.0,255.0,0025.png,20.0,4.0,0.0,255.0,0.0,150.0,330.0,0.3215685188770294,0.0,0.0,0.0,0.0
26,26,0.0,0.0,0.0,0.0,0.0,255.0,0026.png,20.0,5.0,0.0,255.0,0.0,30.0,390.0,0.1519140750169754,0.0,0.0,0.0,0.0
27,27,0.0,0.0,0.0,0.0,0.0,255.0,0027.png,20.0,6.0,0.0,255.0,0.0,390.0,390.0,0.44442176818847656,0.44442176818847656,0.44442176818847656,0.0,0.44442176818847656
28,28,0.0,0.0,0.0,0.0,0.0,255.0,0028.png,20.0,7.0,0.0,255.0,0.0,330.0,30.0,0.5010077357292175,0.5010077357292175,0.5010077357292175,0.0,0.0
29,29,0.0,0.0,0.0,0.0,0.0,255.0,0029.png,20.0,8.0,0.0,255.0,0.0,90.0,510.0,0.4606620967388153,0.4606620967388153,0.4606620967388153,0.0,0.0
30,30,0.0,0.0,0.0,0.0,0.0,255.0,0030.png,20.0,3.0,255.0,0.0,0.0,270.0,390.0,0.2849191427230835,0.0,0.0,0.0,0.0
31,31,0.0,0.0,0.0,0.0,0.0,255.0,0031.png,20.0,4.0,255.0,0.0,0.0,30.0,330.0,0.0,0.0,0.13122650980949402,0.13122650980949402,0.0
32,32,0.0,0.0,0.0,0.0,0.0,255.0,0032.png,20.0,5.0,255.0,0.0,0.0,330.0,510.0,0.33105477690696716,0.0,0.0,0.0,0.33105477690696716
33,33,0.0,0.0,0.0,0.0,0.0,255.0,0033.png,20.0,6.0,255.0,0.0,0.0,510.0,390.0,0.28888919949531555,0.0,0.28888919949531555,0.0,0.28888919949531555
34,34,0.0,0.0,0.0,0.0,0.0,255.0,0034.png,20.0,7.0,255.0,0.0,0.0,150.0,210.0,0.24587048590183258,0.0,0.0,0.0,0.0
35,35,0.0,0.0,0.0,0.0,0.0,255.0,0035.png,20.0,8.0,255.0,0.0,0.0,510.0,150.0,0.49350705742836,0.0,0.0,0.0,0.0
36,36,0.0,0.0,0.0,0.0,255.0,0.0,0036.png,20.0,3.0,255.0,255.0,255.0,210.0,390.0,0.0,0.0,0.0,0.0,0.0
37,37,0.0,0.0,0.0,0.0,255.0,0.0,0037.png,20.0,4.0,255.0,255.0,255.0,150.0,210.0,0.0,0.0,0.0,0.0,0.0
38,38,0.0,0.0,0.0,0.0,255.0,0.0,0038.png,20.0,5.0,255.0,255.0,255.0,570.0,210.0,0.0,0.0,0.19837123155593872,0.19837123155593872,0.19837123155593872
39,39,0.0,0.0,0.0,0.0,255.0,0.0,0039.png,20.0,6.0,255.0,255.0,255.0,270.0,210.0,0.046875614672899246,0.046875614672899246,0.046875614672899246,0.046875614672899246,0.046875614672899246
40,40,0.0,0.0,0.0,0.0,255.0,0.0,0040.png,20.0,7.0,255.0,255.0,255.0,90.0,510.0,0.0,0.0,0.0,0.0,0.0
41,41,0.0,0.0,0.0,0.0,255.0,0.0,0041.png,20.0,8.0,255.0,255.0,255.0,330.0,510.0,0.41466009616851807,0.41466009616851807,0.0,0.0,0.0
42,42,0.0,0.0,0.0,0.0,255.0,0.0,0042.png,20.0,3.0,0.0,0.0,255.0,150.0,90.0,0.0,0.0,0.0,0.0,0.0
43,43,0.0,0.0,0.0,0.0,255.0,0.0,0043.png,20.0,4.0,0.0,0.0,255.0,270.0,510.0,0.4359508752822876,0.4359508752822876,0.0,0.0,0.0
44,44,0.0,0.0,0.0,0.0,255.0,0.0,0044.png,20.0,5.0,0.0,0.0,255.0,150.0,570.0,0.4870316982269287,0.4870316982269287,0.4870316982269287,0.0,0.0
45,45,0.0,0.0,0.0,0.0,255.0,0.0,0045.png,20.0,6.0,0.0,0.0,255.0,510.0,450.0,0.2870069146156311,0.2870069146156311,0.0,0.0,0.0
46,46,0.0,0.0,0.0,0.0,255.0,0.0,0046.png,20.0,7.0,0.0,0.0,255.0,450.0,210.0,0.4590017795562744,0.4590017795562744,0.0,0.0,0.0
47,47,0.0,0.0,0.0,0.0,255.0,0.0,0047.png,20.0,8.0,0.0,0.0,255.0,270.0,570.0,0.6660125851631165,0.6660125851631165,0.6660125851631165,0.6660125851631165,0.0
48,48,0.0,0.0,0.0,0.0,255.0,0.0,0048.png,20.0,3.0,255.0,0.0,0.0,330.0,390.0,0.2888137996196747,0.0,0.0,0.0,0.0
49,49,0.0,0.0,0.0,0.0,255.0,0.0,0049.png,20.0,4.0,255.0,0.0,0.0,390.0,330.0,0.06314533203840256,0.06314533203840256,0.0,0.0,0.0
50,50,0.0,0.0,0.0,0.0,255.0,0.0,0050.png,20.0,5.0,255.0,0.0,0.0,210.0,90.0,0.4376240074634552,0.4376240074634552,0.4376240074634552,0.0,0.0
51,51,0.0,0.0,0.0,0.0,255.0,0.0,0051.png,20.0,6.0,255.0,0.0,0.0,30.0,510.0,0.21454215049743652,0.21454215049743652,0.21454215049743652,0.0,0.0
52,52,0.0,0.0,0.0,0.0,255.0,0.0,0052.png,20.0,7.0,255.0,0.0,0.0,390.0,330.0,0.41265445947647095,0.41265445947647095,0.0,0.0,0.0
53,53,0.0,0.0,0.0,0.0,255.0,0.0,0053.png,20.0,8.0,255.0,0.0,0.0,210.0,570.0,0.5349706411361694,0.0,0.0,0.0,0.0
54,54,0.0,0.0,0.0,255.0,0.0,0.0,0054.png,20.0,3.0,255.0,255.0,255.0,330.0,570.0,0.0,0.38630956411361694,0.38630956411361694,0.38630956411361694,0.0
55,55,0.0,0.0,0.0,255.0,0.0,0.0,0055.png,20.0,4.0,255.0,255.0,255.0,150.0,390.0,0.0,0.31261593103408813,0.0,0.0,0.0
56,56,0.0,0.0,0.0,255.0,0.0,0.0,0056.png,20.0,5.0,255.0,255.0,255.0,330.0,270.0,0.0,0.03957502171397209,0.03957502171397209,0.03957502171397209,0.03957502171397209
57,57,0.0,0.0,0.0,255.0,0.0,0.0,0057.png,20.0,6.0,255.0,255.0,255.0,90.0,270.0,0.28046032786369324,0.28046032786369324,0.0,0.0,0.0
58,58,0.0,0.0,0.0,255.0,0.0,0.0,0058.png,20.0,7.0,255.0,255.0,255.0,510.0,450.0,0.0,0.1876375377178192,0.1876375377178192,0.0,0.0
59,59,0.0,0.0,0.0,255.0,0.0,0.0,0059.png,20.0,8.0,255.0,255.0,255.0,510.0,90.0,0.47390252351760864,0.47390252351760864,0.0,0.0,0.0
60,60,0.0,0.0,0.0,255.0,0.0,0.0,0060.png,20.0,3.0,0.0,0.0,255.0,390.0,570.0,0.6995635032653809,0.6995635032653809,0.0,0.0,0.0
61,61,0.0,0.0,0.0,255.0,0.0,0.0,0061.png,20.0,4.0,0.0,0.0,255.0,570.0,390.0,0.0,0.0,0.0,0.0,0.0
62,62,0.0,0.0,0.0,255.0,0.0,0.0,0062.png,20.0,5.0,0.0,0.0,255.0,570.0,570.0,0.3947778642177582,0.3947778642177582,0.3947778642177582,0.3947778642177582,0.3947778642177582
63,63,0.0,0.0,0.0,255.0,0.0,0.0,0063.png,20.0,6.0,0.0,0.0,255.0,450.0,510.0,0.07539135962724686,0.07539135962724686,0.0,0.0,0.0
64,64,0.0,0.0,0.0,255.0,0.0,0.0,0064.png,20.0,7.0,0.0,0.0,255.0,150.0,270.0,0.043671950697898865,0.043671950697898865,0.043671950697898865,0.043671950697898865,0.043671950697898865
65,65,0.0,0.0,0.0,255.0,0.0,0.0,0065.png,20.0,8.0,0.0,0.0,255.0,270.0,390.0,0.0,0.0,0.0,0.0,0.0
66,66,0.0,0.0,0.0,255.0,0.0,0.0,0066.png,20.0,3.0,0.0,255.0,0.0,150.0,330.0,0.12650012969970703,0.12650012969970703,0.0,0.0,0.0
67,67,0.0,0.0,0.0,255.0,0.0,0.0,0067.png,20.0,4.0,0.0,255.0,0.0,30.0,570.0,0.4618571698665619,0.4618571698665619,0.4618571698665619,0.4618571698665619,0.0
68,68,0.0,0.0,0.0,255.0,0.0,0.0,0068.png,20.0,5.0,0.0,255.0,0.0,150.0,150.0,0.3544406592845917,0.0,0.0,0.0,0.0
69,69,0.0,0.0,0.0,255.0,0.0,0.0,0069.png,20.0,6.0,0.0,255.0,0.0,270.0,150.0,0.3324850797653198,0.3324850797653198,0.3324850797653198,0.0,0.0
70,70,0.0,0.0,0.0,255.0,0.0,0.0,0070.png,20.0,7.0,0.0,255.0,0.0,90.0,150.0,0.4805142283439636,0.0,0.0,0.0,0.0
71,71,0.0,0.0,0.0,255.0,0.0,0.0,0071.png,20.0,8.0,0.0,255.0,0.0,270.0,450.0,0.3208487033843994,0.0,0.0,0.0,0.0
72,72,255.0,255.0,255.0,0.0,0.0,0.0,0072.png,20.0,3.0,0.0,0.0,255.0,570.0,510.0,0.34781262278556824,0.34781262278556824,0.34781262278556824,0.34781262278556824,0.34781262278556824
73,73,255.0,255.0,255.0,0.0,0.0,0.0,0073.png,20.0,4.0,0.0,0.0,255.0,150.0,570.0,0.5527685880661011,0.5527685880661011,0.5527685880661011,0.5527685880661011,0.5527685880661011
74,74,255.0,255.0,255.0,0.0,0.0,0.0,0074.png,20.0,5.0,0.0,0.0,255.0,450.0,570.0,0.6564760804176331,0.6564760804176331,0.0,0.0,0.0
75,75,255.0,255.0,255.0,0.0,0.0,0.0,0075.png,20.0,6.0,0.0,0.0,255.0,210.0,390.0,0.36760151386260986,0.36760151386260986,0.36760151386260986,0.0,0.0
76,76,255.0,255.0,255.0,0.0,0.0,0.0,0076.png,20.0,7.0,0.0,0.0,255.0,210.0,270.0,0.39872583746910095,0.0,0.0,0.0,0.0
77,77,255.0,255.0,255.0,0.0,0.0,0.0,0077.png,20.0,8.0,0.0,0.0,255.0,330.0,390.0,0.14088694751262665,0.0,0.14088694751262665,0.14088694751262665,0.0
78,78,255.0,255.0,255.0,0.0,0.0,0.0,0078.png,20.0,3.0,0.0,255.0,0.0,570.0,30.0,0.38682034611701965,0.38682034611701965,0.0,0.0,0.0
79,79,255.0,255.0,255.0,0.0,0.0,0.0,0079.png,20.0,4.0,0.0,255.0,0.0,450.0,570.0,0.6136559247970581,0.6136559247970581,0.6136559247970581,0.6136559247970581,0.0
80,80,255.0,255.0,255.0,0.0,0.0,0.0,0080.png,20.0,5.0,0.0,255.0,0.0,570.0,30.0,0.38682034611701965,0.0,0.38682034611701965,0.38682034611701965,0.0
81,81,255.0,255.0,255.0,0.0,0.0,0.0,0081.png,20.0,6.0,0.0,255.0,0.0,30.0,330.0,0.15967099368572235,0.0,0.15967099368572235,0.15967099368572235,0.0
82,82,255.0,255.0,255.0,0.0,0.0,0.0,0082.png,20.0,7.0,0.0,255.0,0.0,450.0,450.0,0.32929718494415283,0.32929718494415283,0.32929718494415283,0.0,0.0
83,83,255.0,255.0,255.0,0.0,0.0,0.0,0083.png,20.0,8.0,0.0,255.0,0.0,570.0,330.0,0.1803538203239441,0.0,0.0,0.0,0.0
84,84,255.0,255.0,255.0,0.0,0.0,0.0,0084.png,20.0,3.0,255.0,0.0,0.0,330.0,270.0,0.3818560540676117,0.3818560540676117,0.3818560540676117,0.0,0.0
85,85,255.0,255.0,255.0,0.0,0.0,0.0,0085.png,20.0,4.0,255.0,0.0,0.0,570.0,210.0,0.1859641969203949,0.0,0.0,0.0,0.0
86,86,255.0,255.0,255.0,0.0,0.0,0.0,0086.png,20.0,5.0,255.0,0.0,0.0,450.0,270.0,0.38721463084220886,0.38721463084220886,0.38721463084220886,0.0,0.0
87,87,255.0,255.0,255.0,0.0,0.0,0.0,0087.png,20.0,6.0,255.0,0.0,0.0,270.0,210.0,0.3804060220718384,0.3804060220718384,0.3804060220718384,0.3804060220718384,0.0
88,88,255.0,255.0,255.0,0.0,0.0,0.0,0088.png,20.0,7.0,255.0,0.0,0.0,30.0,330.0,0.1477108746767044,0.09829676151275635,0.1477108746767044,0.1477108746767044,0.1477108746767044
89,89,255.0,255.0,255.0,0.0,0.0,0.0,0089.png,20.0,8.0,255.0,0.0,0.0,90.0,390.0,0.11261840909719467,0.11261840909719467,0.11261840909719467,0.0,0.0
90,90,255.0,255.0,255.0,0.0,0.0,255.0,0090.png,20.0,3.0,0.0,0.0,0.0,210.0,270.0,0.0,0.0,0.0,0.0,0.0
91,91,255.0,255.0,255.0,0.0,0.0,255.0,0091.png,20.0,4.0,0.0,0.0,0.0,270.0,210.0,0.0,0.0,0.0,0.0,0.0
92,92,255.0,255.0,255.0,0.0,0.0,255.0,0092.png,20.0,5.0,0.0,0.0,0.0,150.0,90.0,0.0,0.0,0.0,0.039796486496925354,0.0
93,93,255.0,255.0,255.0,0.0,0.0,255.0,0093.png,20.0,6.0,0.0,0.0,0.0,270.0,90.0,0.0,0.0,0.0,0.0,0.0
94,94,255.0,255.0,255.0,0.0,0.0,255.0,0094.png,20.0,7.0,0.0,0.0,0.0,90.0,450.0,0.0,0.0,0.0,0.0,0.0
95,95,255.0,255.0,255.0,0.0,0.0,255.0,0095.png,20.0,8.0,0.0,0.0,0.0,210.0,390.0,0.0,0.0,0.0,0.0,0.0
96,96,255.0,255.0,255.0,0.0,0.0,255.0,0096.png,20.0,3.0,0.0,255.0,0.0,90.0,450.0,0.0,0.0,0.0,0.0,0.0
97,97,255.0,255.0,255.0,0.0,0.0,255.0,0097.png,20.0,4.0,0.0,255.0,0.0,210.0,30.0,0.48438647389411926,0.0,0.48438647389411926,0.0,0.0
98,98,255.0,255.0,255.0,0.0,0.0,255.0,0098.png,20.0,5.0,0.0,255.0,0.0,390.0,150.0,0.3767414689064026,0.0,0.0,0.0,0.0
99,99,255.0,255.0,255.0,0.0,0.0,255.0,0099.png,20.0,6.0,0.0,255.0,0.0,450.0,390.0,0.38635581731796265,0.0,0.0,0.0,0.0
100,100,255.0,255.0,255.0,0.0,0.0,255.0,0100.png,20.0,7.0,0.0,255.0,0.0,210.0,510.0,0.4990689754486084,0.0,0.0,0.0,0.0
101,101,255.0,255.0,255.0,0.0,0.0,255.0,0101.png,20.0,8.0,0.0,255.0,0.0,210.0,90.0,0.32857850193977356,0.0,0.0,0.0,0.0
102,102,255.0,255.0,255.0,0.0,0.0,255.0,0102.png,20.0,3.0,255.0,0.0,0.0,90.0,390.0,0.0,0.0,0.0,0.14924223721027374,0.0
103,103,255.0,255.0,255.0,0.0,0.0,255.0,0103.png,20.0,4.0,255.0,0.0,0.0,330.0,330.0,0.4454602897167206,0.4454602897167206,0.0,0.0,0.0
104,104,255.0,255.0,255.0,0.0,0.0,255.0,0104.png,20.0,5.0,255.0,0.0,0.0,30.0,570.0,0.46453404426574707,0.46453404426574707,0.0,0.46453404426574707,0.46453404426574707
105,105,255.0,255.0,255.0,0.0,0.0,255.0,0105.png,20.0,6.0,255.0,0.0,0.0,510.0,270.0,0.42236319184303284,0.42236319184303284,0.0,0.0,0.0
106,106,255.0,255.0,255.0,0.0,0.0,255.0,0106.png,20.0,7.0,255.0,0.0,0.0,30.0,330.0,0.22285935282707214,0.0,0.0,0.0,0.22285935282707214
107,107,255.0,255.0,255.0,0.0,0.0,255.0,0107.png,20.0,8.0,255.0,0.0,0.0,90.0,330.0,0.0,0.0,0.0,0.0,0.0
108,108,255.0,255.0,255.0,0.0,255.0,0.0,0108.png,20.0,3.0,0.0,0.0,0.0,510.0,210.0,0.0,0.0,0.0,0.0,0.0
109,109,255.0,255.0,255.0,0.0,255.0,0.0,0109.png,20.0,4.0,0.0,0.0,0.0,570.0,450.0,0.0,0.0,0.0,0.0,0.23031504452228546
110,110,255.0,255.0,255.0,0.0,255.0,0.0,0110.png,20.0,5.0,0.0,0.0,0.0,570.0,510.0,0.0,0.0,0.5090922713279724,0.5090922713279724,0.0
111,111,255.0,255.0,255.0,0.0,255.0,0.0,0111.png,20.0,6.0,0.0,0.0,0.0,30.0,150.0,0.0,0.06762470304965973,0.06762470304965973,0.06762470304965973,0.06762470304965973
112,112,255.0,255.0,255.0,0.0,255.0,0.0,0112.png,20.0,7.0,0.0,0.0,0.0,510.0,30.0,0.0,0.5544136762619019,0.0,0.0,0.0
113,113,255.0,255.0,255.0,0.0,255.0,0.0,0113.png,20.0,8.0,0.0,0.0,0.0,90.0,90.0,0.5928769111633301,0.5928769111633301,0.5928769111633301,0.0,0.0
114,114,255.0,255.0,255.0,0.0,255.0,0.0,0114.png,20.0,3.0,0.0,0.0,255.0,150.0,390.0,0.0,0.0,0.0,0.0,0.0
115,115,255.0,255.0,255.0,0.0,255.0,0.0,0115.png,20.0,4.0,0.0,0.0,255.0,270.0,150.0,0.010449778288602829,0.010449778288602829,0.010449778288602829,0.010449778288602829,0.0
116,116,255.0,255.0,255.0,0.0,255.0,0.0,0116.png,20.0,5.0,0.0,0.0,255.0,330.0,570.0,0.6045081615447998,0.6045081615447998,0.0,0.0,0.0
117,117,255.0,255.0,255.0,0.0,255.0,0.0,0117.png,20.0,6.0,0.0,0.0,255.0,570.0,210.0,0.0,0.0,0.0,0.0,0.0
118,118,255.0,255.0,255.0,0.0,255.0,0.0,0118.png,20.0,7.0,0.0,0.0,255.0,570.0,510.0,0.39088907837867737,0.0,0.0,0.0,0.0
119,119,255.0,255.0,255.0,0.0,255.0,0.0,0119.png,20.0,8.0,0.0,0.0,255.0,570.0,270.0,0.0,0.0,0.0,0.0,0.0
120,120,255.0,255.0,255.0,0.0,255.0,0.0,0120.png,20.0,3.0,255.0,0.0,0.0,450.0,150.0,0.0,0.0,0.0,0.0,0.0
121,121,255.0,255.0,255.0,0.0,255.0,0.0,0121.png,20.0,4.0,255.0,0.0,0.0,570.0,270.0,0.2303638458251953,0.2303638458251953,0.2303638458251953,0.0,0.0
122,122,255.0,255.0,255.0,0.0,255.0,0.0,0122.png,20.0,5.0,255.0,0.0,0.0,90.0,510.0,0.31883466243743896,0.31883466243743896,0.31883466243743896,0.0,0.31883466243743896
123,123,255.0,255.0,255.0,0.0,255.0,0.0,0123.png,20.0,6.0,255.0,0.0,0.0,270.0,510.0,0.4482140839099884,0.4482140839099884,0.4482140839099884,0.0,0.0
124,124,255.0,255.0,255.0,0.0,255.0,0.0,0124.png,20.0,7.0,255.0,0.0,0.0,570.0,570.0,0.08756522834300995,0.08756522834300995,0.08756522834300995,0.08756522834300995,0.08756522834300995
125,125,255.0,255.0,255.0,0.0,255.0,0.0,0125.png,20.0,8.0,255.0,0.0,0.0,150.0,270.0,0.3775426149368286,0.3775426149368286,0.3775426149368286,0.0,0.0
126,126,255.0,255.0,255.0,255.0,0.0,0.0,0126.png,20.0,3.0,0.0,0.0,0.0,30.0,270.0,0.0,0.0,0.0,0.0,0.0
127,127,255.0,255.0,255.0,255.0,0.0,0.0,0127.png,20.0,4.0,0.0,0.0,0.0,390.0,450.0,0.0,0.0,0.0,0.0,0.0
128,128,255.0,255.0,255.0,255.0,0.0,0.0,0128.png,20.0,5.0,0.0,0.0,0.0,30.0,270.0,0.0,0.0,0.0,0.0,0.0
129,129,255.0,255.0,255.0,255.0,0.0,0.0,0129.png,20.0,6.0,0.0,0.0,0.0,570.0,570.0,0.0,0.0,0.0,0.0,0.0
130,130,255.0,255.0,255.0,255.0,0.0,0.0,0130.png,20.0,7.0,0.0,0.0,0.0,150.0,570.0,0.0,0.0,0.0,0.0,0.0
131,131,255.0,255.0,255.0,255.0,0.0,0.0,0131.png,20.0,8.0,0.0,0.0,0.0,150.0,30.0,0.5346799492835999,0.0,0.0,0.0,0.0
132,132,255.0,255.0,255.0,255.0,0.0,0.0,0132.png,20.0,3.0,0.0,0.0,255.0,510.0,510.0,0.0,0.0,0.0,0.0,0.0
133,133,255.0,255.0,255.0,255.0,0.0,0.0,0133.png,20.0,4.0,0.0,0.0,255.0,390.0,210.0,0.0,0.0,0.0,0.0,0.0
134,134,255.0,255.0,255.0,255.0,0.0,0.0,0134.png,20.0,5.0,0.0,0.0,255.0,30.0,330.0,0.0,0.0,0.0,0.0,0.0
135,135,255.0,255.0,255.0,255.0,0.0,0.0,0135.png,20.0,6.0,0.0,0.0,255.0,30.0,90.0,0.14054767787456512,0.0,0.0,0.14054767787456512,0.0
136,136,255.0,255.0,255.0,255.0,0.0,0.0,0136.png,20.0,7.0,0.0,0.0,255.0,510.0,150.0,0.5638183355331421,0.0,0.0,0.0,0.0
137,137,255.0,255.0,255.0,255.0,0.0,0.0,0137.png,20.0,8.0,0.0,0.0,255.0,90.0,570.0,0.5294674634933472,0.0,0.0,0.0,0.0
138,138,255.0,255.0,255.0,255.0,0.0,0.0,0138.png,20.0,3.0,0.0,255.0,0.0,210.0,150.0,0.0,0.0,0.0,0.0,0.0
139,139,255.0,255.0,255.0,255.0,0.0,0.0,0139.png,20.0,4.0,0.0,255.0,0.0,30.0,390.0,0.24444031715393066,0.0,0.0,0.0,0.24444031715393066
140,140,255.0,255.0,255.0,255.0,0.0,0.0,0140.png,20.0,5.0,0.0,255.0,0.0,210.0,450.0,0.32946136593818665,0.0,0.0,0.0,0.0
141,141,255.0,255.0,255.0,255.0,0.0,0.0,0141.png,20.0,6.0,0.0,255.0,0.0,570.0,510.0,0.0,0.0,0.0,0.0,0.0
142,142,255.0,255.0,255.0,255.0,0.0,0.0,0142.png,20.0,7.0,0.0,255.0,0.0,270.0,150.0,0.4252435266971588,0.0,0.0,0.0,0.0
143,143,255.0,255.0,255.0,255.0,0.0,0.0,0143.png,20.0,8.0,0.0,255.0,0.0,30.0,30.0,0.3623877465724945,0.0,0.0,0.0,0.0
144,144,0.0,0.0,255.0,0.0,0.0,0.0,0144.png,20.0,3.0,255.0,255.0,255.0,270.0,150.0,0.0,0.0,0.0,0.0,0.0
145,145,0.0,0.0,255.0,0.0,0.0,0.0,0145.png,20.0,4.0,255.0,255.0,255.0,330.0,390.0,0.0,0.0,0.0,0.0,0.0
146,146,0.0,0.0,255.0,0.0,0.0,0.0,0146.png,20.0,5.0,255.0,255.0,255.0,270.0,30.0,0.5482460856437683,0.0,0.0,0.0,0.0
147,147,0.0,0.0,255.0,0.0,0.0,0.0,0147.png,20.0,6.0,255.0,255.0,255.0,30.0,150.0,0.0,0.0,0.0,0.0,0.1478283852338791
148,148,0.0,0.0,255.0,0.0,0.0,0.0,0148.png,20.0,7.0,255.0,255.0,255.0,30.0,510.0,0.171373188495636,0.0,0.171373188495636,0.0,0.171373188495636
149,149,0.0,0.0,255.0,0.0,0.0,0.0,0149.png,20.0,8.0,255.0,255.0,255.0,510.0,210.0,0.0,0.45547232031822205,0.0,0.0,0.0
150,150,0.0,0.0,255.0,0.0,0.0,0.0,0150.png,20.0,3.0,0.0,255.0,0.0,390.0,330.0,0.3918391466140747,0.0,0.0,0.3918391466140747,0.0
151,151,0.0,0.0,255.0,0.0,0.0,0.0,0151.png,20.0,4.0,0.0,255.0,0.0,270.0,510.0,0.5273818969726562,0.0,0.5273818969726562,0.0,0.0
152,152,0.0,0.0,255.0,0.0,0.0,0.0,0152.png,20.0,5.0,0.0,255.0,0.0,150.0,390.0,0.4428708851337433,0.0,0.0,0.0,0.0
153,153,0.0,0.0,255.0,0.0,0.0,0.0,0153.png,20.0,6.0,0.0,255.0,0.0,30.0,390.0,0.0,0.0,0.0,0.0,0.1721889227628708
154,154,0.0,0.0,255.0,0.0,0.0,0.0,0154.png,20.0,7.0,0.0,255.0,0.0,450.0,510.0,0.42472079396247864,0.42472079396247864,0.0,0.0,0.0
155,155,0.0,0.0,255.0,0.0,0.0,0.0,0155.png,20.0,8.0,0.0,255.0,0.0,150.0,450.0,0.46286094188690186,0.46286094188690186,0.46286094188690186,0.0,0.0
156,156,0.0,0.0,255.0,0.0,0.0,0.0,0156.png,20.0,3.0,255.0,0.0,0.0,390.0,270.0,0.3943869173526764,0.0,0.0,0.0,0.3943869173526764
157,157,0.0,0.0,255.0,0.0,0.0,0.0,0157.png,20.0,4.0,255.0,0.0,0.0,510.0,330.0,0.2615738809108734,0.0,0.0,0.0,0.0
158,158,0.0,0.0,255.0,0.0,0.0,0.0,0158.png,20.0,5.0,255.0,0.0,0.0,210.0,210.0,0.37119337916374207,0.0,0.0,0.0,0.0
159,159,0.0,0.0,255.0,0.0,0.0,0.0,0159.png,20.0,6.0,255.0,0.0,0.0,390.0,330.0,0.31284385919570923,0.0,0.0,0.0,0.0
160,160,0.0,0.0,255.0,0.0,0.0,0.0,0160.png,20.0,7.0,255.0,0.0,0.0,90.0,90.0,0.26820117235183716,0.0,0.0,0.0,0.0
161,161,0.0,0.0,255.0,0.0,0.0,0.0,0161.png,20.0,8.0,255.0,0.0,0.0,210.0,390.0,0.127192884683609,0.0,0.127192884683609,0.0,0.0
162,162,0.0,0.0,255.0,255.0,255.0,255.0,0162.png,20.0,3.0,0.0,0.0,0.0,90.0,270.0,0.0,0.0,0.0,0.0,0.0
163,163,0.0,0.0,255.0,255.0,255.0,255.0,0163.png,20.0,4.0,0.0,0.0,0.0,450.0,150.0,0.0,0.0,0.03797134384512901,0.0,0.0
164,164,0.0,0.0,255.0,255.0,255.0,255.0,0164.png,20.0,5.0,0.0,0.0,0.0,390.0,570.0,0.6878106594085693,0.0,0.0,0.6878106594085693,0.0
165,165,0.0,0.0,255.0,255.0,255.0,255.0,0165.png,20.0,6.0,0.0,0.0,0.0,30.0,30.0,0.19942829012870789,0.19942829012870789,0.19942829012870789,0.19942829012870789,0.19942829012870789
166,166,0.0,0.0,255.0,255.0,255.0,255.0,0166.png,20.0,7.0,0.0,0.0,0.0,510.0,570.0,0.0,0.0,0.0,0.6557235717773438,0.0
167,167,0.0,0.0,255.0,255.0,255.0,255.0,0167.png,20.0,8.0,0.0,0.0,0.0,30.0,450.0,0.0,0.0,0.0,0.0,0.0
168,168,0.0,0.0,255.0,255.0,255.0,255.0,0168.png,20.0,3.0,0.0,255.0,0.0,30.0,90.0,0.0,0.0,0.0,0.0,0.0
169,169,0.0,0.0,255.0,255.0,255.0,255.0,0169.png,20.0,4.0,0.0,255.0,0.0,150.0,210.0,0.48384228348731995,0.0,0.0,0.0,0.0
170,170,0.0,0.0,255.0,255.0,255.0,255.0,0170.png,20.0,5.0,0.0,255.0,0.0,510.0,510.0,0.5069611072540283,0.0,0.0,0.0,0.0
171,171,0.0,0.0,255.0,255.0,255.0,255.0,0171.png,20.0,6.0,0.0,255.0,0.0,330.0,150.0,0.1365891396999359,0.0,0.1365891396999359,0.1365891396999359,0.0
172,172,0.0,0.0,255.0,255.0,255.0,255.0,0172.png,20.0,7.0,0.0,255.0,0.0,510.0,330.0,0.48125770688056946,0.48125770688056946,0.48125770688056946,0.48125770688056946,0.0
173,173,0.0,0.0,255.0,255.0,255.0,255.0,0173.png,20.0,8.0,0.0,255.0,0.0,90.0,510.0,0.10692160576581955,0.10692160576581955,0.10692160576581955,0.10692160576581955,0.10692160576581955
174,174,0.0,0.0,255.0,255.0,255.0,255.0,0174.png,20.0,3.0,255.0,0.0,0.0,30.0,210.0,0.0,0.0,0.0,0.14151090383529663,0.0
175,175,0.0,0.0,255.0,255.0,255.0,255.0,0175.png,20.0,4.0,255.0,0.0,0.0,330.0,90.0,0.28928670287132263,0.0,0.0,0.0,0.0
176,176,0.0,0.0,255.0,255.0,255.0,255.0,0176.png,20.0,5.0,255.0,0.0,0.0,330.0,570.0,0.4032931625843048,0.0,0.0,0.0,0.0
177,177,0.0,0.0,255.0,255.0,255.0,255.0,0177.png,20.0,6.0,255.0,0.0,0.0,90.0,510.0,0.0609830804169178,0.0,0.0609830804169178,0.0,0.0
178,178,0.0,0.0,255.0,255.0,255.0,255.0,0178.png,20.0,7.0,255.0,0.0,0.0,510.0,150.0,0.32390883564949036,0.0,0.0,0.0,0.0
179,179,0.0,0.0,255.0,255.0,255.0,255.0,0179.png,20.0,8.0,255.0,0.0,0.0,570.0,570.0,0.5557496547698975,0.5557496547698975,0.5557496547698975,0.5557496547698975,0.5557496547698975
180,180,0.0,0.0,255.0,0.0,255.0,0.0,0180.png,20.0,3.0,0.0,0.0,0.0,270.0,450.0,0.0,0.0,0.0,0.0,0.0
181,181,0.0,0.0,255.0,0.0,255.0,0.0,0181.png,20.0,4.0,0.0,0.0,0.0,510.0,450.0,0.0,0.0,0.0,0.0,0.0
182,182,0.0,0.0,255.0,0.0,255.0,0.0,0182.png,20.0,5.0,0.0,0.0,0.0,510.0,210.0,0.0,0.0,0.0,0.0,0.0
183,183,0.0,0.0,255.0,0.0,255.0,0.0,0183.png,20.0,6.0,0.0,0.0,0.0,390.0,570.0,0.0,0.0,0.0,0.0,0.0
184,184,0.0,0.0,255.0,0.0,255.0,0.0,0184.png,20.0,7.0,0.0,0.0,0.0,510.0,390.0,0.028055107221007347,0.028055107221007347,0.028055107221007347,0.028055107221007347,0.028055107221007347
185,185,0.0,0.0,255.0,0.0,255.0,0.0,0185.png,20.0,8.0,0.0,0.0,0.0,570.0,270.0,0.0,0.0,0.0,0.0,0.0
186,186,0.0,0.0,255.0,0.0,255.0,0.0,0186.png,20.0,3.0,255.0,255.0,255.0,570.0,90.0,0.0,0.0,0.0,0.0,0.0
187,187,0.0,0.0,255.0,0.0,255.0,0.0,0187.png,20.0,4.0,255.0,255.0,255.0,570.0,510.0,0.0,0.0,0.0,0.0,0.0
188,188,0.0,0.0,255.0,0.0,255.0,0.0,0188.png,20.0,5.0,255.0,255.0,255.0,150.0,390.0,0.0,0.0,0.0,0.0,0.0
189,189,0.0,0.0,255.0,0.0,255.0,0.0,0189.png,20.0,6.0,255.0,255.0,255.0,270.0,510.0,0.0,0.0,0.0,0.0,0.0
190,190,0.0,0.0,255.0,0.0,255.0,0.0,0190.png,20.0,7.0,255.0,255.0,255.0,390.0,150.0,0.06930781900882721,0.06930781900882721,0.06930781900882721,0.0,0.0
191,191,0.0,0.0,255.0,0.0,255.0,0.0,0191.png,20.0,8.0,255.0,255.0,255.0,390.0,330.0,0.0,0.0,0.0,0.0,0.0
192,192,0.0,0.0,255.0,0.0,255.0,0.0,0192.png,20.0,3.0,255.0,0.0,0.0,210.0,570.0,0.0,0.0,0.0,0.0,0.0
193,193,0.0,0.0,255.0,0.0,255.0,0.0,0193.png,20.0,4.0,255.0,0.0,0.0,390.0,330.0,0.0,0.0,0.0,0.0,0.0
194,194,0.0,0.0,255.0,0.0,255.0,0.0,0194.png,20.0,5.0,255.0,0.0,0.0,30.0,450.0,0.0,0.0,0.0,0.0,0.0
195,195,0.0,0.0,255.0,0.0,255.0,0.0,0195.png,20.0,6.0,255.0,0.0,0.0,30.0,150.0,0.0,0.0,0.0,0.0,0.1724192202091217
196,196,0.0,0.0,255.0,0.0,255.0,0.0,0196.png,20.0,7.0,255.0,0.0,0.0,90.0,90.0,0.01698531024158001,0.01698531024158001,0.01698531024158001,0.01698531024158001,0.01698531024158001
197,197,0.0,0.0,255.0,0.0,255.0,0.0,0197.png,20.0,8.0,255.0,0.0,0.0,90.0,270.0,0.0,0.0,0.0,0.0,0.0
198,198,0.0,0.0,255.0,255.0,0.0,0.0,0198.png,20.0,3.0,0.0,0.0,0.0,270.0,150.0,0.0,0.0,0.0,0.0,0.0
199,199,0.0,0.0,255.0,255.0,0.0,0.0,0199.png,20.0,4.0,0.0,0.0,0.0,570.0,510.0,0.0,0.0,0.0,0.4411010146141052,0.0
200,200,0.0,0.0,255.0,255.0,0.0,0.0,0200.png,20.0,5.0,0.0,0.0,0.0,570.0,210.0,0.0,0.0,0.0,0.0,0.0
201,201,0.0,0.0,255.0,255.0,0.0,0.0,0201.png,20.0,6.0,0.0,0.0,0.0,510.0,570.0,0.6515651941299438,0.6515651941299438,0.0,0.0,0.0
202,202,0.0,0.0,255.0,255.0,0.0,0.0,0202.png,20.0,7.0,0.0,0.0,0.0,150.0,510.0,0.04518946632742882,0.04518946632742882,0.04518946632742882,0.04518946632742882,0.0
203,203,0.0,0.0,255.0,255.0,0.0,0.0,0203.png,20.0,8.0,0.0,0.0,0.0,390.0,390.0,0.3108502924442291,0.0,0.0,0.0,0.0
204,204,0.0,0.0,255.0,255.0,0.0,0.0,0204.png,20.0,3.0,255.0,255.0,255.0,510.0,570.0,0.7153981924057007,0.7153981924057007,0.0,0.7153981924057007,0.7153981924057007
205,205,0.0,0.0,255.0,255.0,0.0,0.0,0205.png,20.0,4.0,255.0,255.0,255.0,570.0,90.0,0.0,0.0,0.0,0.0,0.0
206,206,0.0,0.0,255.0,255.0,0.0,0.0,0206.png,20.0,5.0,255.0,255.0,255.0,450.0,390.0,0.0,0.0,0.030687732622027397,0.030687732622027397,0.0
207,207,0.0,0.0,255.0,255.0,0.0,0.0,0207.png,20.0,6.0,255.0,255.0,255.0,30.0,90.0,0.0,0.0,0.0,0.0,0.0
208,208,0.0,0.0,255.0,255.0,0.0,0.0,0208.png,20.0,7.0,255.0,255.0,255.0,450.0,30.0,0.0,0.0,0.0,0.0,0.0
209,209,0.0,0.0,255.0,255.0,0.0,0.0,0209.png,20.0,8.0,255.0,255.0,255.0,30.0,330.0,0.0,0.0,0.0,0.0,0.0
210,210,0.0,0.0,255.0,255.0,0.0,0.0,0210.png,20.0,3.0,0.0,255.0,0.0,90.0,270.0,0.39628541469573975,0.0,0.0,0.0,0.0
211,211,0.0,0.0,255.0,255.0,0.0,0.0,0211.png,20.0,4.0,0.0,255.0,0.0,570.0,510.0,0.0,0.0,0.0,0.0,0.0
212,212,0.0,0.0,255.0,255.0,0.0,0.0,0212.png,20.0,5.0,0.0,255.0,0.0,90.0,30.0,0.5267794728279114,0.0,0.0,0.0,0.0
213,213,0.0,0.0,255.0,255.0,0.0,0.0,0213.png,20.0,6.0,0.0,255.0,0.0,210.0,330.0,0.36347460746765137,0.0,0.0,0.0,0.0
214,214,0.0,0.0,255.0,255.0,0.0,0.0,0214.png,20.0,7.0,0.0,255.0,0.0,90.0,150.0,0.4036695957183838,0.0,0.0,0.0,0.0
215,215,0.0,0.0,255.0,255.0,0.0,0.0,0215.png,20.0,8.0,0.0,255.0,0.0,390.0,210.0,0.45883455872535706,0.45883455872535706,0.0,0.0,0.0
216,216,0.0,255.0,0.0,0.0,0.0,0.0,0216.png,20.0,3.0,255.0,255.0,255.0,30.0,450.0,0.0,0.0,0.11212941259145737,0.0,0.0
217,217,0.0,255.0,0.0,0.0,0.0,0.0,0217.png,20.0,4.0,255.0,255.0,255.0,30.0,510.0,0.0,0.0,0.0,0.0,0.0
218,218,0.0,255.0,0.0,0.0,0.0,0.0,0218.png,20.0,5.0,255.0,255.0,255.0,510.0,30.0,0.0,0.0,0.0,0.0,0.0
219,219,0.0,255.0,0.0,0.0,0.0,0.0,0219.png,20.0,6.0,255.0,255.0,255.0,90.0,90.0,0.0,0.0,0.0,0.0,0.0
220,220,0.0,255.0,0.0,0.0,0.0,0.0,0220.png,20.0,7.0,255.0,255.0,255.0,270.0,450.0,0.0,0.0,0.0,0.0,0.0
221,221,0.0,255.0,0.0,0.0,0.0,0.0,0221.png,20.0,8.0,255.0,255.0,255.0,570.0,30.0,0.0,0.0,0.0,0.3341691493988037,0.0
222,222,0.0,255.0,0.0,0.0,0.0,0.0,0222.png,20.0,3.0,0.0,0.0,255.0,270.0,150.0,0.5670928955078125,0.0,0.0,0.0,0.0
223,223,0.0,255.0,0.0,0.0,0.0,0.0,0223.png,20.0,4.0,0.0,0.0,255.0,90.0,570.0,0.44821518659591675,0.0,0.0,0.0,0.0
224,224,0.0,255.0,0.0,0.0,0.0,0.0,0224.png,20.0,5.0,0.0,0.0,255.0,390.0,330.0,0.3505118191242218,0.0,0.0,0.0,0.0
225,225,0.0,255.0,0.0,0.0,0.0,0.0,0225.png,20.0,6.0,0.0,0.0,255.0,510.0,390.0,0.0,0.0,0.0,0.0,0.0
226,226,0.0,255.0,0.0,0.0,0.0,0.0,0226.png,20.0,7.0,0.0,0.0,255.0,90.0,210.0,0.0,0.0,0.0,0.0,0.0
227,227,0.0,255.0,0.0,0.0,0.0,0.0,0227.png,20.0,8.0,0.0,0.0,255.0,330.0,330.0,0.0,0.0,0.0,0.0,0.0
228,228,0.0,255.0,0.0,0.0,0.0,0.0,0228.png,20.0,3.0,255.0,0.0,0.0,30.0,570.0,0.31807053089141846,0.0,0.31807053089141846,0.31807053089141846,0.0
229,229,0.0,255.0,0.0,0.0,0.0,0.0,0229.png,20.0,4.0,255.0,0.0,0.0,270.0,270.0,0.4594516456127167,0.0,0.0,0.0,0.0
230,230,0.0,255.0,0.0,0.0,0.0,0.0,0230.png,20.0,5.0,255.0,0.0,0.0,450.0,30.0,0.14694353938102722,0.0,0.14694353938102722,0.14694353938102722,0.0
231,231,0.0,255.0,0.0,0.0,0.0,0.0,0231.png,20.0,6.0,255.0,0.0,0.0,270.0,90.0,0.3146442770957947,0.0,0.0,0.0,0.0
232,232,0.0,255.0,0.0,0.0,0.0,0.0,0232.png,20.0,7.0,255.0,0.0,0.0,330.0,570.0,0.49202221632003784,0.0,0.49202221632003784,0.49202221632003784,0.0
233,233,0.0,255.0,0.0,0.0,0.0,0.0,0233.png,20.0,8.0,255.0,0.0,0.0,330.0,510.0,0.04504026845097542,0.04504026845097542,0.04504026845097542,0.04504026845097542,0.04504026845097542
234,234,0.0,255.0,0.0,255.0,255.0,255.0,0234.png,20.0,3.0,0.0,0.0,0.0,570.0,270.0,0.0,0.0,0.0,0.0,0.0
235,235,0.0,255.0,0.0,255.0,255.0,255.0,0235.png,20.0,4.0,0.0,0.0,0.0,210.0,270.0,0.0,0.0,0.0,0.0,0.0
236,236,0.0,255.0,0.0,255.0,255.0,255.0,0236.png,20.0,5.0,0.0,0.0,0.0,90.0,30.0,0.0,0.0,0.0,0.0,0.0
237,237,0.0,255.0,0.0,255.0,255.0,255.0,0237.png,20.0,6.0,0.0,0.0,0.0,270.0,390.0,0.0,0.0,0.0,0.0,0.0
238,238,0.0,255.0,0.0,255.0,255.0,255.0,0238.png,20.0,7.0,0.0,0.0,0.0,390.0,90.0,0.06712446361780167,0.06712446361780167,0.06712446361780167,0.06712446361780167,0.0
239,239,0.0,255.0,0.0,255.0,255.0,255.0,0239.png,20.0,8.0,0.0,0.0,0.0,510.0,90.0,0.04062025621533394,0.04062025621533394,0.04062025621533394,0.04062025621533394,0.04062025621533394
240,240,0.0,255.0,0.0,255.0,255.0,255.0,0240.png,20.0,3.0,0.0,0.0,255.0,570.0,150.0,0.1640261709690094,0.0,0.0,0.0,0.0
241,241,0.0,255.0,0.0,255.0,255.0,255.0,0241.png,20.0,4.0,0.0,0.0,255.0,330.0,570.0,0.5101400017738342,0.0,0.0,0.0,0.0
242,242,0.0,255.0,0.0,255.0,255.0,255.0,0242.png,20.0,5.0,0.0,0.0,255.0,90.0,270.0,0.09598961472511292,0.0,0.09598961472511292,0.09598961472511292,0.0
243,243,0.0,255.0,0.0,255.0,255.0,255.0,0243.png,20.0,6.0,0.0,0.0,255.0,510.0,510.0,0.57376629114151,0.0,0.0,0.0,0.0
244,244,0.0,255.0,0.0,255.0,255.0,255.0,0244.png,20.0,7.0,0.0,0.0,255.0,90.0,30.0,0.5645579695701599,0.5645579695701599,0.0,0.0,0.0
245,245,0.0,255.0,0.0,255.0,255.0,255.0,0245.png,20.0,8.0,0.0,0.0,255.0,90.0,270.0,0.07163731008768082,0.07163731008768082,0.07163731008768082,0.0,0.0
246,246,0.0,255.0,0.0,255.0,255.0,255.0,0246.png,20.0,3.0,255.0,0.0,0.0,510.0,510.0,0.5996452569961548,0.0,0.0,0.0,0.0
247,247,0.0,255.0,0.0,255.0,255.0,255.0,0247.png,20.0,4.0,255.0,0.0,0.0,150.0,570.0,0.5261070728302002,0.0,0.5261070728302002,0.5261070728302002,0.0
248,248,0.0,255.0,0.0,255.0,255.0,255.0,0248.png,20.0,5.0,255.0,0.0,0.0,210.0,570.0,0.5098385810852051,0.0,0.0,0.0,0.0
249,249,0.0,255.0,0.0,255.0,255.0,255.0,0249.png,20.0,6.0,255.0,0.0,0.0,150.0,330.0,0.40542444586753845,0.0,0.0,0.0,0.0
250,250,0.0,255.0,0.0,255.0,255.0,255.0,0250.png,20.0,7.0,255.0,0.0,0.0,30.0,510.0,0.0,0.0,0.0,0.0,0.19362269341945648
251,251,0.0,255.0,0.0,255.0,255.0,255.0,0251.png,20.0,8.0,255.0,0.0,0.0,30.0,330.0,0.0,0.0,0.0,0.0,0.1731003373861313
252,252,0.0,255.0,0.0,0.0,0.0,255.0,0252.png,20.0,3.0,0.0,0.0,0.0,330.0,570.0,0.0,0.0,0.0,0.0,0.0
253,253,0.0,255.0,0.0,0.0,0.0,255.0,0253.png,20.0,4.0,0.0,0.0,0.0,210.0,330.0,0.0,0.0,0.0,0.0,0.0
254,254,0.0,255.0,0.0,0.0,0.0,255.0,0254.png,20.0,5.0,0.0,0.0,0.0,450.0,570.0,0.0,0.0,0.0,0.0,0.0
255,255,0.0,255.0,0.0,0.0,0.0,255.0,0255.png,20.0,6.0,0.0,0.0,0.0,510.0,330.0,0.0636158213019371,0.0,0.0636158213019371,0.0636158213019371,0.0
256,256,0.0,255.0,0.0,0.0,0.0,255.0,0256.png,20.0,7.0,0.0,0.0,0.0,390.0,90.0,0.0073528774082660675,0.0073528774082660675,0.0073528774082660675,0.0073528774082660675,0.0073528774082660675
257,257,0.0,255.0,0.0,0.0,0.0,255.0,0257.png,20.0,8.0,0.0,0.0,0.0,210.0,210.0,0.0,0.0,0.0,0.0,0.0
258,258,0.0,255.0,0.0,0.0,0.0,255.0,0258.png,20.0,3.0,255.0,255.0,255.0,330.0,570.0,0.0,0.0,0.0,0.0,0.0
259,259,0.0,255.0,0.0,0.0,0.0,255.0,0259.png,20.0,4.0,255.0,255.0,255.0,510.0,450.0,0.0,0.0,0.0,0.0,0.0
260,260,0.0,255.0,0.0,0.0,0.0,255.0,0260.png,20.0,5.0,255.0,255.0,255.0,510.0,90.0,0.0,0.0,0.0,0.0,0.0
261,261,0.0,255.0,0.0,0.0,0.0,255.0,0261.png,20.0,6.0,255.0,255.0,255.0,450.0,270.0,0.0,0.0,0.0,0.0,0.0
262,262,0.0,255.0,0.0,0.0,0.0,255.0,0262.png,20.0,7.0,255.0,255.0,255.0,90.0,330.0,0.03838735818862915,0.03838735818862915,0.03838735818862915,0.0,0.0
263,263,0.0,255.0,0.0,0.0,0.0,255.0,0263.png,20.0,8.0,255.0,255.0,255.0,390.0,450.0,0.0,0.0,0.0,0.0,0.0
264,264,0.0,255.0,0.0,0.0,0.0,255.0,0264.png,20.0,3.0,255.0,0.0,0.0,270.0,90.0,0.3146442770957947,0.0,0.0,0.0,0.3146442770957947
265,265,0.0,255.0,0.0,0.0,0.0,255.0,0265.png,20.0,4.0,255.0,0.0,0.0,390.0,330.0,0.0,0.0,0.0,0.0,0.0
266,266,0.0,255.0,0.0,0.0,0.0,255.0,0266.png,20.0,5.0,255.0,0.0,0.0,570.0,510.0,0.0,0.0,0.0,0.0,0.0
267,267,0.0,255.0,0.0,0.0,0.0,255.0,0267.png,20.0,6.0,255.0,0.0,0.0,450.0,510.0,0.3788943886756897,0.0,0.0,0.0,0.0
268,268,0.0,255.0,0.0,0.0,0.0,255.0,0268.png,20.0,7.0,255.0,0.0,0.0,90.0,450.0,0.0,0.0,0.0,0.0,0.0
269,269,0.0,255.0,0.0,0.0,0.0,255.0,0269.png,20.0,8.0,255.0,0.0,0.0,30.0,330.0,0.0,0.0,0.0,0.0,0.20037448406219482
270,270,0.0,255.0,0.0,255.0,0.0,0.0,0270.png,20.0,3.0,0.0,0.0,0.0,90.0,270.0,0.0,0.0,0.0,0.0,0.0
271,271,0.0,255.0,0.0,255.0,0.0,0.0,0271.png,20.0,4.0,0.0,0.0,0.0,30.0,270.0,0.0,0.0,0.0,0.0,0.0
272,272,0.0,255.0,0.0,255.0,0.0,0.0,0272.png,20.0,5.0,0.0,0.0,0.0,30.0,150.0,0.07679479569196701,0.07679479569196701,0.07679479569196701,0.0,0.07679479569196701
273,273,0.0,255.0,0.0,255.0,0.0,0.0,0273.png,20.0,6.0,0.0,0.0,0.0,90.0,510.0,0.0,0.0,0.0,0.0,0.0
274,274,0.0,255.0,0.0,255.0,0.0,0.0,0274.png,20.0,7.0,0.0,0.0,0.0,570.0,210.0,0.0,0.0,0.0,0.0,0.0
275,275,0.0,255.0,0.0,255.0,0.0,0.0,0275.png,20.0,8.0,0.0,0.0,0.0,390.0,210.0,0.0,0.0,0.0,0.0,0.0
276,276,0.0,255.0,0.0,255.0,0.0,0.0,0276.png,20.0,3.0,255.0,255.0,255.0,330.0,90.0,0.0,0.0,0.0,0.0,0.0
277,277,0.0,255.0,0.0,255.0,0.0,0.0,0277.png,20.0,4.0,255.0,255.0,255.0,510.0,510.0,0.0,0.0,0.0,0.0,0.0
278,278,0.0,255.0,0.0,255.0,0.0,0.0,0278.png,20.0,5.0,255.0,255.0,255.0,90.0,510.0,0.0,0.0,0.0,0.0,0.0
279,279,0.0,255.0,0.0,255.0,0.0,0.0,0279.png,20.0,6.0,255.0,255.0,255.0,210.0,390.0,0.0,0.0,0.0,0.0,0.0
280,280,0.0,255.0,0.0,255.0,0.0,0.0,0280.png,20.0,7.0,255.0,255.0,255.0,570.0,390.0,0.0,0.0,0.0,0.0,0.0
281,281,0.0,255.0,0.0,255.0,0.0,0.0,0281.png,20.0,8.0,255.0,255.0,255.0,270.0,390.0,0.0,0.0,0.0,0.0,0.0
282,282,0.0,255.0,0.0,255.0,0.0,0.0,0282.png,20.0,3.0,0.0,0.0,255.0,90.0,510.0,0.0,0.0,0.0,0.0,0.0
283,283,0.0,255.0,0.0,255.0,0.0,0.0,0283.png,20.0,4.0,0.0,0.0,255.0,330.0,330.0,0.3286401629447937,0.0,0.0,0.0,0.0
284,284,0.0,255.0,0.0,255.0,0.0,0.0,0284.png,20.0,5.0,0.0,0.0,255.0,390.0,90.0,0.41938111186027527,0.0,0.0,0.0,0.0
285,285,0.0,255.0,0.0,255.0,0.0,0.0,0285.png,20.0,6.0,0.0,0.0,255.0,570.0,90.0,0.0,0.0,0.0,0.0,0.0
286,286,0.0,255.0,0.0,255.0,0.0,0.0,0286.png,20.0,7.0,0.0,0.0,255.0,150.0,270.0,0.0,0.0,0.0,0.0,0.0
287,287,0.0,255.0,0.0,255.0,0.0,0.0,0287.png,20.0,8.0,0.0,0.0,255.0,150.0,570.0,0.0,0.0,0.0,0.0,0.0
288,288,255.0,0.0,0.0,0.0,0.0,0.0,0288.png,20.0,3.0,255.0,255.0,255.0,210.0,150.0,0.592880368232727,0.0,0.0,0.0,0.0
289,289,255.0,0.0,0.0,0.0,0.0,0.0,0289.png,20.0,4.0,255.0,255.0,255.0,90.0,90.0,0.0,0.0,0.0,0.0,0.0
290,290,255.0,0.0,0.0,0.0,0.0,0.0,0290.png,20.0,5.0,255.0,255.0,255.0,450.0,30.0,0.599940836429596,0.0,0.599940836429596,0.0,0.0
291,291,255.0,0.0,0.0,0.0,0.0,0.0,0291.png,20.0,6.0,255.0,255.0,255.0,450.0,30.0,0.0,0.0,0.0,0.0,0.0
292,292,255.0,0.0,0.0,0.0,0.0,0.0,0292.png,20.0,7.0,255.0,255.0,255.0,450.0,390.0,0.0,0.598442792892456,0.0,0.0,0.0
293,293,255.0,0.0,0.0,0.0,0.0,0.0,0293.png,20.0,8.0,255.0,255.0,255.0,570.0,150.0,0.11806183308362961,0.11806183308362961,0.11806183308362961,0.11806183308362961,0.11806183308362961
294,294,255.0,0.0,0.0,0.0,0.0,0.0,0294.png,20.0,3.0,0.0,0.0,255.0,210.0,330.0,0.0,0.0,0.0,0.0,0.0
295,295,255.0,0.0,0.0,0.0,0.0,0.0,0295.png,20.0,4.0,0.0,0.0,255.0,450.0,510.0,0.0,0.0,0.0,0.0,0.0
296,296,255.0,0.0,0.0,0.0,0.0,0.0,0296.png,20.0,5.0,0.0,0.0,255.0,450.0,30.0,0.5747221112251282,0.0,0.0,0.0,0.0
297,297,255.0,0.0,0.0,0.0,0.0,0.0,0297.png,20.0,6.0,0.0,0.0,255.0,330.0,570.0,0.6522935628890991,0.0,0.6522935628890991,0.0,0.0
298,298,255.0,0.0,0.0,0.0,0.0,0.0,0298.png,20.0,7.0,0.0,0.0,255.0,30.0,570.0,0.10684794932603836,0.0,0.0,0.0,0.0
299,299,255.0,0.0,0.0,0.0,0.0,0.0,0299.png,20.0,8.0,0.0,0.0,255.0,150.0,330.0,0.0,0.0,0.0,0.0,0.0
300,300,255.0,0.0,0.0,0.0,0.0,0.0,0300.png,20.0,3.0,0.0,255.0,0.0,390.0,450.0,0.39396315813064575,0.0,0.39396315813064575,0.0,0.0
301,301,255.0,0.0,0.0,0.0,0.0,0.0,0301.png,20.0,4.0,0.0,255.0,0.0,270.0,30.0,0.6980636715888977,0.0,0.6980636715888977,0.0,0.0
302,302,255.0,0.0,0.0,0.0,0.0,0.0,0302.png,20.0,5.0,0.0,255.0,0.0,510.0,270.0,0.5726358890533447,0.0,0.5726358890533447,0.0,0.0
303,303,255.0,0.0,0.0,0.0,0.0,0.0,0303.png,20.0,6.0,0.0,255.0,0.0,30.0,270.0,0.0,0.0,0.0,0.0,0.16792994737625122
304,304,255.0,0.0,0.0,0.0,0.0,0.0,0304.png,20.0,7.0,0.0,255.0,0.0,570.0,90.0,0.0,0.0,0.0,0.0,0.0
305,305,255.0,0.0,0.0,0.0,0.0,0.0,0305.png,20.0,8.0,0.0,255.0,0.0,390.0,570.0,0.5923965573310852,0.5923965573310852,0.5923965573310852,0.5923965573310852,0.0
306,306,255.0,0.0,0.0,255.0,255.0,255.0,0306.png,20.0,3.0,0.0,0.0,0.0,330.0,570.0,0.6473361253738403,0.0,0.0,0.0,0.0
307,307,255.0,0.0,0.0,255.0,255.0,255.0,0307.png,20.0,4.0,0.0,0.0,0.0,390.0,570.0,0.7390912175178528,0.0,0.0,0.0,0.0
308,308,255.0,0.0,0.0,255.0,255.0,255.0,0308.png,20.0,5.0,0.0,0.0,0.0,90.0,90.0,0.0,0.0,0.0,0.0,0.0
309,309,255.0,0.0,0.0,255.0,255.0,255.0,0309.png,20.0,6.0,0.0,0.0,0.0,150.0,330.0,0.0,0.0,0.0,0.0,0.0
310,310,255.0,0.0,0.0,255.0,255.0,255.0,0310.png,20.0,7.0,0.0,0.0,0.0,450.0,90.0,0.0,0.0,0.0,0.0,0.0
311,311,255.0,0.0,0.0,255.0,255.0,255.0,0311.png,20.0,8.0,0.0,0.0,0.0,150.0,510.0,0.0,0.0,0.0,0.0,0.0
312,312,255.0,0.0,0.0,255.0,255.0,255.0,0312.png,20.0,3.0,0.0,0.0,255.0,90.0,330.0,0.36109215021133423,0.0,0.0,0.0,0.0
313,313,255.0,0.0,0.0,255.0,255.0,255.0,0313.png,20.0,4.0,0.0,0.0,255.0,390.0,390.0,0.0,0.0,0.0,0.0,0.0
314,314,255.0,0.0,0.0,255.0,255.0,255.0,0314.png,20.0,5.0,0.0,0.0,255.0,150.0,150.0,0.0,0.0,0.0,0.0,0.0
315,315,255.0,0.0,0.0,255.0,255.0,255.0,0315.png,20.0,6.0,0.0,0.0,255.0,90.0,270.0,0.5135161280632019,0.0,0.0,0.0,0.0
316,316,255.0,0.0,0.0,255.0,255.0,255.0,0316.png,20.0,7.0,0.0,0.0,255.0,510.0,450.0,0.0,0.0,0.0,0.0,0.0
317,317,255.0,0.0,0.0,255.0,255.0,255.0,0317.png,20.0,8.0,0.0,0.0,255.0,270.0,390.0,0.5576468706130981,0.0,0.0,0.0,0.0
318,318,255.0,0.0,0.0,255.0,255.0,255.0,0318.png,20.0,3.0,0.0,255.0,0.0,570.0,90.0,0.0,0.0,0.25350937247276306,0.0,0.0
319,319,255.0,0.0,0.0,255.0,255.0,255.0,0319.png,20.0,4.0,0.0,255.0,0.0,510.0,510.0,0.6936888694763184,0.0,0.0,0.0,0.0
320,320,255.0,0.0,0.0,255.0,255.0,255.0,0320.png,20.0,5.0,0.0,255.0,0.0,210.0,390.0,0.4451497793197632,0.0,0.0,0.0,0.0
321,321,255.0,0.0,0.0,255.0,255.0,255.0,0321.png,20.0,6.0,0.0,255.0,0.0,570.0,510.0,0.0,0.0,0.0,0.0,0.0
322,322,255.0,0.0,0.0,255.0,255.0,255.0,0322.png,20.0,7.0,0.0,255.0,0.0,30.0,390.0,0.0,0.0,0.0,0.0,0.0
323,323,255.0,0.0,0.0,255.0,255.0,255.0,0323.png,20.0,8.0,0.0,255.0,0.0,270.0,450.0,0.5524083971977234,0.0,0.0,0.0,0.0
324,324,255.0,0.0,0.0,0.0,0.0,255.0,0324.png,20.0,3.0,0.0,0.0,0.0,90.0,510.0,0.0,0.0,0.09447900205850601,0.0,0.0
325,325,255.0,0.0,0.0,0.0,0.0,255.0,0325.png,20.0,4.0,0.0,0.0,0.0,510.0,270.0,0.0,0.0,0.0,0.0,0.0
326,326,255.0,0.0,0.0,0.0,0.0,255.0,0326.png,20.0,5.0,0.0,0.0,0.0,570.0,450.0,0.0,0.0,0.0,0.0,0.0
327,327,255.0,0.0,0.0,0.0,0.0,255.0,0327.png,20.0,6.0,0.0,0.0,0.0,90.0,390.0,0.0,0.0,0.0,0.0,0.0
328,328,255.0,0.0,0.0,0.0,0.0,255.0,0328.png,20.0,7.0,0.0,0.0,0.0,90.0,30.0,0.2146538645029068,0.0,0.0,0.0,0.0
329,329,255.0,0.0,0.0,0.0,0.0,255.0,0329.png,20.0,8.0,0.0,0.0,0.0,270.0,330.0,0.0,0.0,0.0,0.0,0.0
330,330,255.0,0.0,0.0,0.0,0.0,255.0,0330.png,20.0,3.0,255.0,255.0,255.0,450.0,570.0,0.6975885033607483,0.0,0.6975885033607483,0.0,0.0
331,331,255.0,0.0,0.0,0.0,0.0,255.0,0331.png,20.0,4.0,255.0,255.0,255.0,390.0,150.0,0.0,0.0,0.0,0.0,0.0
332,332,255.0,0.0,0.0,0.0,0.0,255.0,0332.png,20.0,5.0,255.0,255.0,255.0,570.0,510.0,0.0,0.0,0.0,0.0,0.0
333,333,255.0,0.0,0.0,0.0,0.0,255.0,0333.png,20.0,6.0,255.0,255.0,255.0,210.0,330.0,0.0,0.0,0.06832172721624374,0.06832172721624374,0.0
334,334,255.0,0.0,0.0,0.0,0.0,255.0,0334.png,20.0,7.0,255.0,255.0,255.0,450.0,150.0,0.04898148030042648,0.0,0.04898148030042648,0.0,0.0
335,335,255.0,0.0,0.0,0.0,0.0,255.0,0335.png,20.0,8.0,255.0,255.0,255.0,390.0,450.0,0.0,0.0,0.0,0.0,0.0
336,336,255.0,0.0,0.0,0.0,0.0,255.0,0336.png,20.0,3.0,0.0,255.0,0.0,90.0,30.0,0.6813086867332458,0.0,0.6813086867332458,0.0,0.0
337,337,255.0,0.0,0.0,0.0,0.0,255.0,0337.png,20.0,4.0,0.0,255.0,0.0,150.0,90.0,0.5044788718223572,0.0,0.5044788718223572,0.5044788718223572,0.0
338,338,255.0,0.0,0.0,0.0,0.0,255.0,0338.png,20.0,5.0,0.0,255.0,0.0,90.0,270.0,0.5581512451171875,0.0,0.0,0.0,0.0
339,339,255.0,0.0,0.0,0.0,0.0,255.0,0339.png,20.0,6.0,0.0,255.0,0.0,90.0,390.0,0.46763890981674194,0.0,0.0,0.0,0.0
340,340,255.0,0.0,0.0,0.0,0.0,255.0,0340.png,20.0,7.0,0.0,255.0,0.0,30.0,270.0,0.0,0.0,0.0,0.0,0.0
341,341,255.0,0.0,0.0,0.0,0.0,255.0,0341.png,20.0,8.0,0.0,255.0,0.0,510.0,570.0,0.8391821384429932,0.8391821384429932,0.8391821384429932,0.8391821384429932,0.8391821384429932
342,342,255.0,0.0,0.0,0.0,255.0,0.0,0342.png,20.0,3.0,0.0,0.0,0.0,270.0,30.0,0.0,0.0,0.0,0.0,0.0
343,343,255.0,0.0,0.0,0.0,255.0,0.0,0343.png,20.0,4.0,0.0,0.0,0.0,150.0,510.0,0.047130096703767776,0.0,0.0,0.0,0.0
344,344,255.0,0.0,0.0,0.0,255.0,0.0,0344.png,20.0,5.0,0.0,0.0,0.0,510.0,450.0,0.0,0.0,0.0,0.0,0.0
345,345,255.0,0.0,0.0,0.0,255.0,0.0,0345.png,20.0,6.0,0.0,0.0,0.0,90.0,30.0,0.0,0.0,0.0,0.0,0.0
346,346,255.0,0.0,0.0,0.0,255.0,0.0,0346.png,20.0,7.0,0.0,0.0,0.0,30.0,150.0,0.0,0.0,0.0,0.0,0.0
347,347,255.0,0.0,0.0,0.0,255.0,0.0,0347.png,20.0,8.0,0.0,0.0,0.0,210.0,210.0,0.0,0.0,0.0,0.0,0.0
348,348,255.0,0.0,0.0,0.0,255.0,0.0,0348.png,20.0,3.0,255.0,255.0,255.0,450.0,30.0,0.0,0.0,0.0,0.0,0.0
349,349,255.0,0.0,0.0,0.0,255.0,0.0,0349.png,20.0,4.0,255.0,255.0,255.0,210.0,90.0,0.0,0.0,0.0,0.0,0.0
350,350,255.0,0.0,0.0,0.0,255.0,0.0,0350.png,20.0,5.0,255.0,255.0,255.0,150.0,90.0,0.0,0.0,0.0,0.0,0.0
351,351,255.0,0.0,0.0,0.0,255.0,0.0,0351.png,20.0,6.0,255.0,255.0,255.0,30.0,390.0,0.025225035846233368,0.0,0.0,0.0,0.0
352,352,255.0,0.0,0.0,0.0,255.0,0.0,0352.png,20.0,7.0,255.0,255.0,255.0,570.0,150.0,0.0,0.0,0.18139468133449554,0.18139468133449554,0.18139468133449554
353,353,255.0,0.0,0.0,0.0,255.0,0.0,0353.png,20.0,8.0,255.0,255.0,255.0,90.0,150.0,0.46456435322761536,0.0,0.0,0.0,0.0
354,354,255.0,0.0,0.0,0.0,255.0,0.0,0354.png,20.0,3.0,0.0,0.0,255.0,150.0,30.0,0.0,0.0,0.0,0.0,0.0
355,355,255.0,0.0,0.0,0.0,255.0,0.0,0355.png,20.0,4.0,0.0,0.0,255.0,450.0,450.0,0.4981747269630432,0.0,0.0,0.0,0.0
356,356,255.0,0.0,0.0,0.0,255.0,0.0,0356.png,20.0,5.0,0.0,0.0,255.0,390.0,450.0,0.5191314220428467,0.0,0.0,0.0,0.0
357,357,255.0,0.0,0.0,0.0,255.0,0.0,0357.png,20.0,6.0,0.0,0.0,255.0,390.0,30.0,0.5376484990119934,0.5376484990119934,0.5376484990119934,0.0,0.0
358,358,255.0,0.0,0.0,0.0,255.0,0.0,0358.png,20.0,7.0,0.0,0.0,255.0,150.0,270.0,0.0,0.0,0.0,0.0,0.0
359,359,255.0,0.0,0.0,0.0,255.0,0.0,0359.png,20.0,8.0,0.0,0.0,255.0,570.0,330.0,0.0,0.0,0.0,0.0,0.0
