,Unnamed: 0,back_color_b,back_color_g,back_color_r,distractor_color_b,distractor_color_g,distractor_color_r,image_file_name,item_radius,num_item,target_color_b,target_color_g,target_color_r,target_x,target_y,iou_poolsize8,iou_poolsize16,iou_poolsize32,iou_poolsize64,iou_poolsize128
0,0,0.0,0.0,0.0,255.0,255.0,255.0,0000.png,20.0,3.0,0.0,0.0,255.0,510.0,510.0,0.0,0.0,0.0,0.0,0.0
1,1,0.0,0.0,0.0,255.0,255.0,255.0,0001.png,20.0,4.0,0.0,0.0,255.0,510.0,90.0,0.0,0.0,0.0,0.0,0.0
2,2,0.0,0.0,0.0,255.0,255.0,255.0,0002.png,20.0,5.0,0.0,0.0,255.0,510.0,90.0,0.0,0.0,0.0,0.0,0.0
3,3,0.0,0.0,0.0,255.0,255.0,255.0,0003.png,20.0,6.0,0.0,0.0,255.0,570.0,390.0,0.0,0.0,0.0,0.0,0.0
4,4,0.0,0.0,0.0,255.0,255.0,255.0,0004.png,20.0,7.0,0.0,0.0,255.0,510.0,30.0,0.4579351718752227,0.0,0.0,0.0,0.0
5,5,0.0,0.0,0.0,255.0,255.0,255.0,0005.png,20.0,8.0,0.0,0.0,255.0,210.0,510.0,0.0,0.0,0.0,0.0,0.0
6,6,0.0,0.0,0.0,255.0,255.0,255.0,0006.png,20.0,3.0,0.0,255.0,0.0,150.0,90.0,0.0,0.0,0.0,0.0,0.0
7,7,0.0,0.0,0.0,255.0,255.0,255.0,0007.png,20.0,4.0,0.0,255.0,0.0,330.0,330.0,0.0,0.0,0.0,0.0,0.0
8,8,0.0,0.0,0.0,255.0,255.0,255.0,0008.png,20.0,5.0,0.0,255.0,0.0,150.0,150.0,0.5258736141212985,0.5258736141212985,0.0,0.0,0.0
9,9,0.0,0.0,0.0,255.0,255.0,255.0,0009.png,20.0,6.0,0.0,255.0,0.0,30.0,270.0,0.0,0.0,0.0,0.0,0.0
10,10,0.0,0.0,0.0,255.0,255.0,255.0,0010.png,20.0,7.0,0.0,255.0,0.0,450.0,570.0,0.5108746355204579,0.0,0.0,0.0,0.0
11,11,0.0,0.0,0.0,255.0,255.0,255.0,0011.png,20.0,8.0,0.0,255.0,0.0,270.0,390.0,0.0,0.0,0.0,0.0,0.0
12,12,0.0,0.0,0.0,255.0,255.0,255.0,0012.png,20.0,3.0,255.0,0.0,0.0,210.0,210.0,0.0,0.0,0.0,0.0,0.0
13,13,0.0,0.0,0.0,255.0,255.0,255.0,0013.png,20.0,4.0,255.0,0.0,0.0,210.0,570.0,0.0,0.0,0.0,0.0,0.0
14,14,0.0,0.0,0.0,255.0,255.0,255.0,0014.png,20.0,5.0,255.0,0.0,0.0,30.0,330.0,0.0,0.0,0.0,0.0,0.0
15,15,0.0,0.0,0.0,255.0,255.0,255.0,0015.png,20.0,6.0,255.0,0.0,0.0,90.0,30.0,0.0,0.0,0.0,0.0,0.0
16,16,0.0,0.0,0.0,255.0,255.0,255.0,0016.png,20.0,7.0,255.0,0.0,0.0,390.0,330.0,0.0,0.0,0.0,0.0,0.0
17,17,0.0,0.0,0.0,255.0,255.0,255.0,0017.png,20.0,8.0,255.0,0.0,0.0,90.0,390.0,0.0,0.0,0.0,0.0,0.0
18,18,0.0,0.0,0.0,0.0,0.0,255.0,0018.png,20.0,3.0,255.0,255.0,255.0,210.0,210.0,0.5255423223716509,0.5255423223716509,0.5255423223716509,0.5255423223716509,0.5255423223716509
19,19,0.0,0.0,0.0,0.0,0.0,255.0,0019.png,20.0,4.0,255.0,255.0,255.0,330.0,270.0,0.516052950862839,0.516052950862839,0.516052950862839,0.516052950862839,0.516052950862839
20,20,0.0,0.0,0.0,0.0,0.0,255.0,0020.png,20.0,5.0,255.0,255.0,255.0,90.0,270.0,0.5446721594868167,0.5446721594868167,0.5446721594868167,0.5446721594868167,0.5446721594868167
21,21,0.0,0.0,0.0,0.0,0.0,255.0,0021.png,20.0,6.0,255.0,255.0,255.0,510.0,390.0,0.17424690015938643,0.17424690015938643,0.17424690015938643,0.17424690015938643,0.17424690015938643
22,22,0.0,0.0,0.0,0.0,0.0,255.0,0022.png,20.0,7.0,255.0,255.0,255.0,510.0,570.0,0.13560005080081552,0.13560005080081552,0.13560005080081552,0.13560005080081552,0.13560005080081552
23,23,0.0,0.0,0.0,0.0,0.0,255.0,0023.png,20.0,8.0,255.0,255.0,255.0,30.0,90.0,0.3509220968580542,0.3509220968580542,0.3509220968580542,0.3509220968580542,0.3509220968580542
24,24,0.0,0.0,0.0,0.0,0.0,255.0,0024.png,20.0,3.0,0.0,255.0,0.0,330.0,90.0,0.4175363216334478,0.4175363216334478,0.4175363216334478,0.4175363216334478,0.4175363216334478
25,25,0.0,0.0,0.0,0.0,0.0,255.0,0025.png,20.0,4.0,0.0,255.0,0.0,330.0,450.0,0.45887445523712456,0.45887445523712456,0.45887445523712456,0.45887445523712456,0.45887445523712456
26,26,0.0,0.0,0.0,0.0,0.0,255.0,0026.png,20.0,5.0,0.0,255.0,0.0,30.0,570.0,0.4501422607419892,0.4501422607419892,0.4501422607419892,0.4501422607419892,0.4501422607419892
27,27,0.0,0.0,0.0,0.0,0.0,255.0,0027.png,20.0,6.0,0.0,255.0,0.0,30.0,510.0,0.04617452826368712,0.04617452826368712,0.0,0.0,0.0
28,28,0.0,0.0,0.0,0.0,0.0,255.0,0028.png,20.0,7.0,0.0,255.0,0.0,330.0,90.0,0.07588152985963768,0.07588152985963768,0.07588152985963768,0.07588152985963768,0.07588152985963768
29,29,0.0,0.0,0.0,0.0,0.0,255.0,0029.png,20.0,8.0,0.0,255.0,0.0,510.0,90.0,0.06465347402081527,0.06465347402081527,0.06465347402081527,0.06465347402081527,0.06465347402081527
30,30,0.0,0.0,0.0,0.0,0.0,255.0,0030.png,20.0,3.0,255.0,0.0,0.0,30.0,570.0,0.5376806477958753,0.5376806477958753,0.5376806477958753,0.5376806477958753,0.5376806477958753
31,31,0.0,0.0,0.0,0.0,0.0,255.0,0031.png,20.0,4.0,255.0,0.0,0.0,390.0,30.0,0.0,0.0,0.0,0.0,0.0
32,32,0.0,0.0,0.0,0.0,0.0,255.0,0032.png,20.0,5.0,255.0,0.0,0.0,270.0,450.0,0.5078349598372102,0.5078349598372102,0.5078349598372102,0.5078349598372102,0.5078349598372102
33,33,0.0,0.0,0.0,0.0,0.0,255.0,0033.png,20.0,6.0,255.0,0.0,0.0,30.0,210.0,0.4248138587224263,0.4248138587224263,0.4248138587224263,0.4248138587224263,0.4248138587224263
34,34,0.0,0.0,0.0,0.0,0.0,255.0,0034.png,20.0,7.0,255.0,0.0,0.0,330.0,270.0,0.5345381321702953,0.5345381321702953,0.5345381321702953,0.5345381321702953,0.5345381321702953
35,35,0.0,0.0,0.0,0.0,0.0,255.0,0035.png,20.0,8.0,255.0,0.0,0.0,210.0,90.0,0.0,0.0,0.0,0.0,0.0
36,36,0.0,0.0,0.0,0.0,255.0,0.0,0036.png,20.0,3.0,255.0,255.0,255.0,90.0,510.0,0.5034362349950867,0.5034362349950867,0.5034362349950867,0.5034362349950867,0.5034362349950867
37,37,0.0,0.0,0.0,0.0,255.0,0.0,0037.png,20.0,4.0,255.0,255.0,255.0,210.0,150.0,0.4965839395527865,0.4965839395527865,0.4965839395527865,0.4965839395527865,0.4965839395527865
38,38,0.0,0.0,0.0,0.0,255.0,0.0,0038.png,20.0,5.0,255.0,255.0,255.0,90.0,150.0,0.44945879224957913,0.44945879224957913,0.44945879224957913,0.44945879224957913,0.44945879224957913
39,39,0.0,0.0,0.0,0.0,255.0,0.0,0039.png,20.0,6.0,255.0,255.0,255.0,30.0,450.0,0.3893559253560204,0.3893559253560204,0.3893559253560204,0.3893559253560204,0.3893559253560204
40,40,0.0,0.0,0.0,0.0,255.0,0.0,0040.png,20.0,7.0,255.0,255.0,255.0,270.0,330.0,0.022786241015100864,0.022786241015100864,0.022786241015100864,0.022786241015100864,0.022786241015100864
41,41,0.0,0.0,0.0,0.0,255.0,0.0,0041.png,20.0,8.0,255.0,255.0,255.0,510.0,210.0,0.12000436862798765,0.12000436862798765,0.12000436862798765,0.12000436862798765,0.12000436862798765
42,42,0.0,0.0,0.0,0.0,255.0,0.0,0042.png,20.0,3.0,0.0,0.0,255.0,30.0,90.0,0.0,0.0,0.0,0.0,0.0
43,43,0.0,0.0,0.0,0.0,255.0,0.0,0043.png,20.0,4.0,0.0,0.0,255.0,570.0,270.0,0.0,0.0,0.0,0.0,0.0
44,44,0.0,0.0,0.0,0.0,255.0,0.0,0044.png,20.0,5.0,0.0,0.0,255.0,510.0,90.0,0.26363252024235756,0.0,0.0,0.0,0.0
45,45,0.0,0.0,0.0,0.0,255.0,0.0,0045.png,20.0,6.0,0.0,0.0,255.0,330.0,270.0,0.5242105007195736,0.5242105007195736,0.5242105007195736,0.5242105007195736,0.5242105007195736
46,46,0.0,0.0,0.0,0.0,255.0,0.0,0046.png,20.0,7.0,0.0,0.0,255.0,30.0,390.0,0.3625490624541876,0.3625490624541876,0.3625490624541876,0.3625490624541876,0.3625490624541876
47,47,0.0,0.0,0.0,0.0,255.0,0.0,0047.png,20.0,8.0,0.0,0.0,255.0,330.0,150.0,0.39675130807579245,0.39675130807579245,0.39675130807579245,0.39675130807579245,0.39675130807579245
48,48,0.0,0.0,0.0,0.0,255.0,0.0,0048.png,20.0,3.0,255.0,0.0,0.0,210.0,210.0,0.0,0.0,0.0,0.0,0.0
49,49,0.0,0.0,0.0,0.0,255.0,0.0,0049.png,20.0,4.0,255.0,0.0,0.0,390.0,330.0,0.0,0.0,0.0,0.0,0.0
50,50,0.0,0.0,0.0,0.0,255.0,0.0,0050.png,20.0,5.0,255.0,0.0,0.0,210.0,270.0,0.0,0.0,0.0,0.0,0.0
51,51,0.0,0.0,0.0,0.0,255.0,0.0,0051.png,20.0,6.0,255.0,0.0,0.0,30.0,90.0,0.4057677769515532,0.0,0.0,0.0,0.0
52,52,0.0,0.0,0.0,0.0,255.0,0.0,0052.png,20.0,7.0,255.0,0.0,0.0,330.0,30.0,0.0,0.0,0.0,0.0,0.0
53,53,0.0,0.0,0.0,0.0,255.0,0.0,0053.png,20.0,8.0,255.0,0.0,0.0,390.0,450.0,0.5663013048537421,0.5663013048537421,0.5663013048537421,0.5663013048537421,0.5663013048537421
54,54,0.0,0.0,0.0,255.0,0.0,0.0,0054.png,20.0,3.0,255.0,255.0,255.0,90.0,90.0,0.5821967337427141,0.5821967337427141,0.5821967337427141,0.5821967337427141,0.5821967337427141
55,55,0.0,0.0,0.0,255.0,0.0,0.0,0055.png,20.0,4.0,255.0,255.0,255.0,330.0,30.0,0.5615431056480084,0.5615431056480084,0.5615431056480084,0.5615431056480084,0.5615431056480084
56,56,0.0,0.0,0.0,255.0,0.0,0.0,0056.png,20.0,5.0,255.0,255.0,255.0,30.0,30.0,0.45898455829599744,0.45898455829599744,0.45898455829599744,0.45898455829599744,0.45898455829599744
57,57,0.0,0.0,0.0,255.0,0.0,0.0,0057.png,20.0,6.0,255.0,255.0,255.0,330.0,90.0,0.050790131396541045,0.0,0.0,0.0,0.0
58,58,0.0,0.0,0.0,255.0,0.0,0.0,0058.png,20.0,7.0,255.0,255.0,255.0,210.0,210.0,0.06151650911921599,0.06151650911921599,0.06151650911921599,0.06151650911921599,0.06151650911921599
59,59,0.0,0.0,0.0,255.0,0.0,0.0,0059.png,20.0,8.0,255.0,255.0,255.0,390.0,150.0,0.0,0.0,0.0,0.0,0.0
60,60,0.0,0.0,0.0,255.0,0.0,0.0,0060.png,20.0,3.0,0.0,0.0,255.0,510.0,90.0,0.0,0.0,0.0,0.0,0.0
61,61,0.0,0.0,0.0,255.0,0.0,0.0,0061.png,20.0,4.0,0.0,0.0,255.0,90.0,210.0,0.5874441696775691,0.5874441696775691,0.5874441696775691,0.5874441696775691,0.5874441696775691
62,62,0.0,0.0,0.0,255.0,0.0,0.0,0062.png,20.0,5.0,0.0,0.0,255.0,570.0,330.0,0.20694609168597408,0.20694609168597408,0.20694609168597408,0.20694609168597408,0.20694609168597408
63,63,0.0,0.0,0.0,255.0,0.0,0.0,0063.png,20.0,6.0,0.0,0.0,255.0,330.0,30.0,0.4778506288049374,0.4778506288049374,0.4778506288049374,0.4778506288049374,0.4778506288049374
64,64,0.0,0.0,0.0,255.0,0.0,0.0,0064.png,20.0,7.0,0.0,0.0,255.0,450.0,570.0,0.5241771303076287,0.5241771303076287,0.5241771303076287,0.5241771303076287,0.5241771303076287
65,65,0.0,0.0,0.0,255.0,0.0,0.0,0065.png,20.0,8.0,0.0,0.0,255.0,450.0,510.0,0.5150847135784429,0.5150847135784429,0.5150847135784429,0.5150847135784429,0.5150847135784429
66,66,0.0,0.0,0.0,255.0,0.0,0.0,0066.png,20.0,3.0,0.0,255.0,0.0,570.0,150.0,0.38513592531409535,0.38513592531409535,0.38513592531409535,0.38513592531409535,0.38513592531409535
67,67,0.0,0.0,0.0,255.0,0.0,0.0,0067.png,20.0,4.0,0.0,255.0,0.0,90.0,570.0,0.593486922292728,0.593486922292728,0.593486922292728,0.593486922292728,0.593486922292728
68,68,0.0,0.0,0.0,255.0,0.0,0.0,0068.png,20.0,5.0,0.0,255.0,0.0,330.0,390.0,0.45260875048188437,0.45260875048188437,0.45260875048188437,0.45260875048188437,0.45260875048188437
69,69,0.0,0.0,0.0,255.0,0.0,0.0,0069.png,20.0,6.0,0.0,255.0,0.0,150.0,210.0,0.4856479097116984,0.4856479097116984,0.4856479097116984,0.4856479097116984,0.4856479097116984
70,70,0.0,0.0,0.0,255.0,0.0,0.0,0070.png,20.0,7.0,0.0,255.0,0.0,270.0,270.0,0.40079199472786314,0.40079199472786314,0.40079199472786314,0.40079199472786314,0.40079199472786314
71,71,0.0,0.0,0.0,255.0,0.0,0.0,0071.png,20.0,8.0,0.0,255.0,0.0,450.0,330.0,0.3768274140103715,0.3768274140103715,0.3768274140103715,0.3768274140103715,0.3768274140103715
72,72,255.0,255.0,255.0,0.0,0.0,0.0,0072.png,20.0,3.0,0.0,0.0,255.0,270.0,570.0,0.0,0.0,0.0,0.0,0.0
73,73,255.0,255.0,255.0,0.0,0.0,0.0,0073.png,20.0,4.0,0.0,0.0,255.0,330.0,210.0,0.0,0.0,0.0,0.0,0.0
74,74,255.0,255.0,255.0,0.0,0.0,0.0,0074.png,20.0,5.0,0.0,0.0,255.0,570.0,450.0,0.4246943815349187,0.0,0.0,0.0,0.0
75,75,255.0,255.0,255.0,0.0,0.0,0.0,0075.png,20.0,6.0,0.0,0.0,255.0,30.0,30.0,0.0,0.0,0.0,0.0,0.0
76,76,255.0,255.0,255.0,0.0,0.0,0.0,0076.png,20.0,7.0,0.0,0.0,255.0,330.0,510.0,0.0756204867838471,0.0756204867838471,0.0756204867838471,0.0756204867838471,0.0756204867838471
77,77,255.0,255.0,255.0,0.0,0.0,0.0,0077.png,20.0,8.0,0.0,0.0,255.0,210.0,570.0,0.5597786851555808,0.5597786851555808,0.5597786851555808,0.5597786851555808,0.5597786851555808
78,78,255.0,255.0,255.0,0.0,0.0,0.0,0078.png,20.0,3.0,0.0,255.0,0.0,270.0,90.0,0.0,0.0,0.0,0.0,0.0
79,79,255.0,255.0,255.0,0.0,0.0,0.0,0079.png,20.0,4.0,0.0,255.0,0.0,90.0,210.0,0.0,0.0,0.0,0.0,0.0
80,80,255.0,255.0,255.0,0.0,0.0,0.0,0080.png,20.0,5.0,0.0,255.0,0.0,270.0,30.0,0.0,0.0,0.0,0.0,0.0
81,81,255.0,255.0,255.0,0.0,0.0,0.0,0081.png,20.0,6.0,0.0,255.0,0.0,450.0,510.0,0.0,0.0,0.0,0.0,0.0
82,82,255.0,255.0,255.0,0.0,0.0,0.0,0082.png,20.0,7.0,0.0,255.0,0.0,210.0,390.0,0.0,0.0,0.0,0.0,0.0
83,83,255.0,255.0,255.0,0.0,0.0,0.0,0083.png,20.0,8.0,0.0,255.0,0.0,90.0,510.0,0.5521249937656785,0.5521249937656785,0.5521249937656785,0.5521249937656785,0.5521249937656785
84,84,255.0,255.0,255.0,0.0,0.0,0.0,0084.png,20.0,3.0,255.0,0.0,0.0,450.0,450.0,0.0,0.0,0.0,0.0,0.0
85,85,255.0,255.0,255.0,0.0,0.0,0.0,0085.png,20.0,4.0,255.0,0.0,0.0,390.0,270.0,0.6078425868887237,0.6078425868887237,0.6078425868887237,0.6078425868887237,0.6078425868887237
86,86,255.0,255.0,255.0,0.0,0.0,0.0,0086.png,20.0,5.0,255.0,0.0,0.0,30.0,270.0,0.0,0.0,0.0,0.0,0.0
87,87,255.0,255.0,255.0,0.0,0.0,0.0,0087.png,20.0,6.0,255.0,0.0,0.0,270.0,210.0,0.6437123469383245,0.6437123469383245,0.6437123469383245,0.6437123469383245,0.6437123469383245
88,88,255.0,255.0,255.0,0.0,0.0,0.0,0088.png,20.0,7.0,255.0,0.0,0.0,90.0,90.0,0.0,0.0,0.0,0.0,0.0
89,89,255.0,255.0,255.0,0.0,0.0,0.0,0089.png,20.0,8.0,255.0,0.0,0.0,330.0,90.0,0.0,0.0,0.6078826620244377,0.6078826620244377,0.6078826620244377
90,90,255.0,255.0,255.0,0.0,0.0,255.0,0090.png,20.0,3.0,0.0,0.0,0.0,30.0,570.0,0.45419681153796826,0.45419681153796826,0.45419681153796826,0.45419681153796826,0.45419681153796826
91,91,255.0,255.0,255.0,0.0,0.0,255.0,0091.png,20.0,4.0,0.0,0.0,0.0,210.0,210.0,0.0,0.0,0.0,0.0,0.0
92,92,255.0,255.0,255.0,0.0,0.0,255.0,0092.png,20.0,5.0,0.0,0.0,0.0,330.0,510.0,0.5488559973504115,0.5488559973504115,0.5488559973504115,0.5488559973504115,0.5488559973504115
93,93,255.0,255.0,255.0,0.0,0.0,255.0,0093.png,20.0,6.0,0.0,0.0,0.0,270.0,510.0,0.4663090037141922,0.4663090037141922,0.4663090037141922,0.4663090037141922,0.4663090037141922
94,94,255.0,255.0,255.0,0.0,0.0,255.0,0094.png,20.0,7.0,0.0,0.0,0.0,570.0,390.0,0.0,0.0,0.0,0.0,0.0
95,95,255.0,255.0,255.0,0.0,0.0,255.0,0095.png,20.0,8.0,0.0,0.0,0.0,210.0,210.0,0.0,0.0,0.0,0.0,0.0
96,96,255.0,255.0,255.0,0.0,0.0,255.0,0096.png,20.0,3.0,0.0,255.0,0.0,270.0,510.0,0.5063638538294694,0.5063638538294694,0.0,0.0,0.0
97,97,255.0,255.0,255.0,0.0,0.0,255.0,0097.png,20.0,4.0,0.0,255.0,0.0,90.0,210.0,0.6174120058824472,0.6174120058824472,0.6174120058824472,0.6174120058824472,0.6174120058824472
98,98,255.0,255.0,255.0,0.0,0.0,255.0,0098.png,20.0,5.0,0.0,255.0,0.0,270.0,510.0,0.5033756028740093,0.5033756028740093,0.5033756028740093,0.5033756028740093,0.5033756028740093
99,99,255.0,255.0,255.0,0.0,0.0,255.0,0099.png,20.0,6.0,0.0,255.0,0.0,270.0,450.0,0.0,0.0,0.0,0.0,0.0
100,100,255.0,255.0,255.0,0.0,0.0,255.0,0100.png,20.0,7.0,0.0,255.0,0.0,210.0,330.0,0.4045575941465573,0.4045575941465573,0.4045575941465573,0.4045575941465573,0.4045575941465573
101,101,255.0,255.0,255.0,0.0,0.0,255.0,0101.png,20.0,8.0,0.0,255.0,0.0,270.0,330.0,0.32137756106325677,0.32137756106325677,0.0,0.32137756106325677,0.32137756106325677
102,102,255.0,255.0,255.0,0.0,0.0,255.0,0102.png,20.0,3.0,255.0,0.0,0.0,330.0,570.0,0.5607964216367133,0.5607964216367133,0.5607964216367133,0.5607964216367133,0.5607964216367133
103,103,255.0,255.0,255.0,0.0,0.0,255.0,0103.png,20.0,4.0,255.0,0.0,0.0,150.0,390.0,0.6930899452780868,0.6930899452780868,0.6930899452780868,0.6930899452780868,0.6930899452780868
104,104,255.0,255.0,255.0,0.0,0.0,255.0,0104.png,20.0,5.0,255.0,0.0,0.0,270.0,270.0,0.0,0.0,0.0,0.0,0.0
105,105,255.0,255.0,255.0,0.0,0.0,255.0,0105.png,20.0,6.0,255.0,0.0,0.0,390.0,270.0,0.06343085054710772,0.06343085054710772,0.06343085054710772,0.06343085054710772,0.06343085054710772
106,106,255.0,255.0,255.0,0.0,0.0,255.0,0106.png,20.0,7.0,255.0,0.0,0.0,90.0,390.0,0.5197354500879179,0.5197354500879179,0.5197354500879179,0.5197354500879179,0.5197354500879179
107,107,255.0,255.0,255.0,0.0,0.0,255.0,0107.png,20.0,8.0,255.0,0.0,0.0,330.0,390.0,0.6177333664621003,0.6177333664621003,0.6177333664621003,0.6177333664621003,0.6177333664621003
108,108,255.0,255.0,255.0,0.0,255.0,0.0,0108.png,20.0,3.0,0.0,0.0,0.0,330.0,30.0,0.6258212375859434,0.6258212375859434,0.6258212375859434,0.6258212375859434,0.6258212375859434
109,109,255.0,255.0,255.0,0.0,255.0,0.0,0109.png,20.0,4.0,0.0,0.0,0.0,270.0,30.0,0.5585091514506103,0.5585091514506103,0.5585091514506103,0.5585091514506103,0.5585091514506103
110,110,255.0,255.0,255.0,0.0,255.0,0.0,0110.png,20.0,5.0,0.0,0.0,0.0,90.0,390.0,0.5476893186877252,0.5476893186877252,0.5476893186877252,0.5476893186877252,0.5476893186877252
111,111,255.0,255.0,255.0,0.0,255.0,0.0,0111.png,20.0,6.0,0.0,0.0,0.0,270.0,270.0,0.4774147339441468,0.4774147339441468,0.4774147339441468,0.4774147339441468,0.4774147339441468
112,112,255.0,255.0,255.0,0.0,255.0,0.0,0112.png,20.0,7.0,0.0,0.0,0.0,450.0,450.0,0.0,0.0,0.0,0.0,0.0
113,113,255.0,255.0,255.0,0.0,255.0,0.0,0113.png,20.0,8.0,0.0,0.0,0.0,210.0,210.0,0.004278895300920317,0.004278895300920317,0.004278895300920317,0.004278895300920317,0.004278895300920317
114,114,255.0,255.0,255.0,0.0,255.0,0.0,0114.png,20.0,3.0,0.0,0.0,255.0,90.0,510.0,0.6329011360927017,0.6329011360927017,0.6329011360927017,0.6329011360927017,0.6329011360927017
115,115,255.0,255.0,255.0,0.0,255.0,0.0,0115.png,20.0,4.0,0.0,0.0,255.0,210.0,390.0,0.5511320087977946,0.5511320087977946,0.5511320087977946,0.5511320087977946,0.5511320087977946
116,116,255.0,255.0,255.0,0.0,255.0,0.0,0116.png,20.0,5.0,0.0,0.0,255.0,330.0,570.0,0.63935427715485,0.63935427715485,0.63935427715485,0.63935427715485,0.63935427715485
117,117,255.0,255.0,255.0,0.0,255.0,0.0,0117.png,20.0,6.0,0.0,0.0,255.0,510.0,450.0,0.0,0.0,0.0,0.0,0.0
118,118,255.0,255.0,255.0,0.0,255.0,0.0,0118.png,20.0,7.0,0.0,0.0,255.0,510.0,330.0,0.15094001141231514,0.15094001141231514,0.15094001141231514,0.15094001141231514,0.15094001141231514
119,119,255.0,255.0,255.0,0.0,255.0,0.0,0119.png,20.0,8.0,0.0,0.0,255.0,570.0,450.0,0.2778051191324287,0.2778051191324287,0.2778051191324287,0.2778051191324287,0.2778051191324287
120,120,255.0,255.0,255.0,0.0,255.0,0.0,0120.png,20.0,3.0,255.0,0.0,0.0,450.0,450.0,0.5486863710176786,0.5486863710176786,0.5486863710176786,0.5486863710176786,0.5486863710176786
121,121,255.0,255.0,255.0,0.0,255.0,0.0,0121.png,20.0,4.0,255.0,0.0,0.0,210.0,570.0,0.6544038999822832,0.6544038999822832,0.6544038999822832,0.6544038999822832,0.6544038999822832
122,122,255.0,255.0,255.0,0.0,255.0,0.0,0122.png,20.0,5.0,255.0,0.0,0.0,450.0,510.0,0.6763263187800781,0.6763263187800781,0.6763263187800781,0.6763263187800781,0.6763263187800781
123,123,255.0,255.0,255.0,0.0,255.0,0.0,0123.png,20.0,6.0,255.0,0.0,0.0,570.0,150.0,0.39952356619651197,0.39952356619651197,0.39952356619651197,0.39952356619651197,0.39952356619651197
124,124,255.0,255.0,255.0,0.0,255.0,0.0,0124.png,20.0,7.0,255.0,0.0,0.0,30.0,150.0,0.47806472489831936,0.47806472489831936,0.47806472489831936,0.47806472489831936,0.47806472489831936
125,125,255.0,255.0,255.0,0.0,255.0,0.0,0125.png,20.0,8.0,255.0,0.0,0.0,270.0,330.0,0.4466598111946296,0.4466598111946296,0.4466598111946296,0.4466598111946296,0.4466598111946296
126,126,255.0,255.0,255.0,255.0,0.0,0.0,0126.png,20.0,3.0,0.0,0.0,0.0,270.0,330.0,0.0,0.0,0.0,0.0,0.0
127,127,255.0,255.0,255.0,255.0,0.0,0.0,0127.png,20.0,4.0,0.0,0.0,0.0,390.0,330.0,0.0,0.0,0.0,0.0,0.0
128,128,255.0,255.0,255.0,255.0,0.0,0.0,0128.png,20.0,5.0,0.0,0.0,0.0,510.0,150.0,0.5166757541135545,0.5166757541135545,0.5166757541135545,0.5166757541135545,0.5166757541135545
129,129,255.0,255.0,255.0,255.0,0.0,0.0,0129.png,20.0,6.0,0.0,0.0,0.0,390.0,90.0,0.0,0.0,0.0,0.0,0.0
130,130,255.0,255.0,255.0,255.0,0.0,0.0,0130.png,20.0,7.0,0.0,0.0,0.0,30.0,90.0,0.0,0.0,0.0,0.0,0.0
131,131,255.0,255.0,255.0,255.0,0.0,0.0,0131.png,20.0,8.0,0.0,0.0,0.0,390.0,210.0,0.0,0.0,0.0,0.0,0.0
132,132,255.0,255.0,255.0,255.0,0.0,0.0,0132.png,20.0,3.0,0.0,0.0,255.0,330.0,30.0,0.0,0.0,0.0,0.0,0.0
133,133,255.0,255.0,255.0,255.0,0.0,0.0,0133.png,20.0,4.0,0.0,0.0,255.0,510.0,270.0,0.0,0.0,0.0,0.0,0.0
134,134,255.0,255.0,255.0,255.0,0.0,0.0,0134.png,20.0,5.0,0.0,0.0,255.0,150.0,150.0,0.6183628556558274,0.6183628556558274,0.6183628556558274,0.6183628556558274,0.6183628556558274
135,135,255.0,255.0,255.0,255.0,0.0,0.0,0135.png,20.0,6.0,0.0,0.0,255.0,570.0,210.0,0.0,0.0,0.0,0.0,0.0
136,136,255.0,255.0,255.0,255.0,0.0,0.0,0136.png,20.0,7.0,0.0,0.0,255.0,150.0,510.0,0.0,0.0,0.0,0.0,0.0
137,137,255.0,255.0,255.0,255.0,0.0,0.0,0137.png,20.0,8.0,0.0,0.0,255.0,450.0,90.0,0.056340432891436275,0.056340432891436275,0.056340432891436275,0.056340432891436275,0.056340432891436275
138,138,255.0,255.0,255.0,255.0,0.0,0.0,0138.png,20.0,3.0,0.0,255.0,0.0,270.0,330.0,0.3880076644775715,0.3880076644775715,0.3880076644775715,0.0,0.0
139,139,255.0,255.0,255.0,255.0,0.0,0.0,0139.png,20.0,4.0,0.0,255.0,0.0,390.0,450.0,0.0,0.0,0.0,0.0,0.0
140,140,255.0,255.0,255.0,255.0,0.0,0.0,0140.png,20.0,5.0,0.0,255.0,0.0,510.0,150.0,0.059241271041935474,0.059241271041935474,0.059241271041935474,0.059241271041935474,0.059241271041935474
141,141,255.0,255.0,255.0,255.0,0.0,0.0,0141.png,20.0,6.0,0.0,255.0,0.0,510.0,150.0,0.0,0.0,0.0,0.0,0.0
142,142,255.0,255.0,255.0,255.0,0.0,0.0,0142.png,20.0,7.0,0.0,255.0,0.0,450.0,330.0,0.39049577519036194,0.0,0.0,0.0,0.0
143,143,255.0,255.0,255.0,255.0,0.0,0.0,0143.png,20.0,8.0,0.0,255.0,0.0,30.0,150.0,0.3862212549927772,0.3862212549927772,0.3862212549927772,0.3862212549927772,0.3862212549927772
144,144,0.0,0.0,255.0,0.0,0.0,0.0,0144.png,20.0,3.0,255.0,255.0,255.0,510.0,510.0,0.0,0.0,0.0,0.0,0.0
145,145,0.0,0.0,255.0,0.0,0.0,0.0,0145.png,20.0,4.0,255.0,255.0,255.0,330.0,510.0,0.520623477119132,0.520623477119132,0.520623477119132,0.520623477119132,0.520623477119132
146,146,0.0,0.0,255.0,0.0,0.0,0.0,0146.png,20.0,5.0,255.0,255.0,255.0,450.0,390.0,0.1426777172226204,0.1426777172226204,0.1426777172226204,0.1426777172226204,0.1426777172226204
147,147,0.0,0.0,255.0,0.0,0.0,0.0,0147.png,20.0,6.0,255.0,255.0,255.0,30.0,390.0,0.33674234257490737,0.33674234257490737,0.33674234257490737,0.33674234257490737,0.33674234257490737
148,148,0.0,0.0,255.0,0.0,0.0,0.0,0148.png,20.0,7.0,255.0,255.0,255.0,90.0,90.0,0.004231406745717773,0.004231406745717773,0.004231406745717773,0.004231406745717773,0.004231406745717773
149,149,0.0,0.0,255.0,0.0,0.0,0.0,0149.png,20.0,8.0,255.0,255.0,255.0,570.0,570.0,0.12706051574013857,0.12706051574013857,0.12706051574013857,0.12706051574013857,0.12706051574013857
150,150,0.0,0.0,255.0,0.0,0.0,0.0,0150.png,20.0,3.0,0.0,255.0,0.0,150.0,570.0,0.654783340760241,0.654783340760241,0.654783340760241,0.654783340760241,0.654783340760241
151,151,0.0,0.0,255.0,0.0,0.0,0.0,0151.png,20.0,4.0,0.0,255.0,0.0,510.0,210.0,0.2821555068802098,0.2821555068802098,0.2821555068802098,0.2821555068802098,0.2821555068802098
152,152,0.0,0.0,255.0,0.0,0.0,0.0,0152.png,20.0,5.0,0.0,255.0,0.0,570.0,210.0,0.28298737878708713,0.28298737878708713,0.28298737878708713,0.28298737878708713,0.28298737878708713
153,153,0.0,0.0,255.0,0.0,0.0,0.0,0153.png,20.0,6.0,0.0,255.0,0.0,450.0,390.0,0.027971247003522725,0.027971247003522725,0.027971247003522725,0.027971247003522725,0.027971247003522725
154,154,0.0,0.0,255.0,0.0,0.0,0.0,0154.png,20.0,7.0,0.0,255.0,0.0,510.0,570.0,0.38221678755736294,0.38221678755736294,0.38221678755736294,0.38221678755736294,0.38221678755736294
155,155,0.0,0.0,255.0,0.0,0.0,0.0,0155.png,20.0,8.0,0.0,255.0,0.0,450.0,90.0,0.11499426764070736,0.11499426764070736,0.11499426764070736,0.11499426764070736,0.11499426764070736
156,156,0.0,0.0,255.0,0.0,0.0,0.0,0156.png,20.0,3.0,255.0,0.0,0.0,270.0,390.0,0.5166402365748115,0.5166402365748115,0.5166402365748115,0.5166402365748115,0.5166402365748115
157,157,0.0,0.0,255.0,0.0,0.0,0.0,0157.png,20.0,4.0,255.0,0.0,0.0,30.0,390.0,0.40419659881785325,0.40419659881785325,0.40419659881785325,0.40419659881785325,0.40419659881785325
158,158,0.0,0.0,255.0,0.0,0.0,0.0,0158.png,20.0,5.0,255.0,0.0,0.0,510.0,210.0,0.0,0.0,0.0,0.0,0.0
159,159,0.0,0.0,255.0,0.0,0.0,0.0,0159.png,20.0,6.0,255.0,0.0,0.0,90.0,510.0,0.03997864602956076,0.03997864602956076,0.03997864602956076,0.03997864602956076,0.03997864602956076
160,160,0.0,0.0,255.0,0.0,0.0,0.0,0160.png,20.0,7.0,255.0,0.0,0.0,90.0,270.0,0.0,0.5313277957501236,0.5313277957501236,0.5313277957501236,0.5313277957501236
161,161,0.0,0.0,255.0,0.0,0.0,0.0,0161.png,20.0,8.0,255.0,0.0,0.0,450.0,210.0,0.034423220358925984,0.034423220358925984,0.034423220358925984,0.034423220358925984,0.034423220358925984
162,162,0.0,0.0,255.0,255.0,255.0,255.0,0162.png,20.0,3.0,0.0,0.0,0.0,30.0,450.0,0.0,0.0,0.0,0.0,0.0
163,163,0.0,0.0,255.0,255.0,255.0,255.0,0163.png,20.0,4.0,0.0,0.0,0.0,510.0,90.0,0.0,0.0,0.0,0.0,0.0
164,164,0.0,0.0,255.0,255.0,255.0,255.0,0164.png,20.0,5.0,0.0,0.0,0.0,90.0,270.0,0.5716425984686998,0.5716425984686998,0.0,0.0,0.0
165,165,0.0,0.0,255.0,255.0,255.0,255.0,0165.png,20.0,6.0,0.0,0.0,0.0,30.0,390.0,0.0,0.0,0.0,0.0,0.0
166,166,0.0,0.0,255.0,255.0,255.0,255.0,0166.png,20.0,7.0,0.0,0.0,0.0,90.0,30.0,0.0,0.0,0.0,0.0,0.0
167,167,0.0,0.0,255.0,255.0,255.0,255.0,0167.png,20.0,8.0,0.0,0.0,0.0,210.0,450.0,0.0,0.0,0.0,0.0,0.0
168,168,0.0,0.0,255.0,255.0,255.0,255.0,0168.png,20.0,3.0,0.0,255.0,0.0,30.0,210.0,0.4856231283436948,0.4856231283436948,0.4856231283436948,0.4856231283436948,0.4856231283436948
169,169,0.0,0.0,255.0,255.0,255.0,255.0,0169.png,20.0,4.0,0.0,255.0,0.0,150.0,210.0,0.6429650483901445,0.6429650483901445,0.6429650483901445,0.6429650483901445,0.6429650483901445
170,170,0.0,0.0,255.0,255.0,255.0,255.0,0170.png,20.0,5.0,0.0,255.0,0.0,390.0,450.0,0.0,0.0,0.0,0.0,0.0
171,171,0.0,0.0,255.0,255.0,255.0,255.0,0171.png,20.0,6.0,0.0,255.0,0.0,90.0,510.0,0.5101286250221453,0.5101286250221453,0.5101286250221453,0.5101286250221453,0.5101286250221453
172,172,0.0,0.0,255.0,255.0,255.0,255.0,0172.png,20.0,7.0,0.0,255.0,0.0,450.0,90.0,0.5030922795417021,0.5030922795417021,0.5030922795417021,0.5030922795417021,0.5030922795417021
173,173,0.0,0.0,255.0,255.0,255.0,255.0,0173.png,20.0,8.0,0.0,255.0,0.0,270.0,210.0,0.39159911856736485,0.39159911856736485,0.39159911856736485,0.39159911856736485,0.39159911856736485
174,174,0.0,0.0,255.0,255.0,255.0,255.0,0174.png,20.0,3.0,255.0,0.0,0.0,90.0,570.0,0.669038156694651,0.669038156694651,0.669038156694651,0.669038156694651,0.669038156694651
175,175,0.0,0.0,255.0,255.0,255.0,255.0,0175.png,20.0,4.0,255.0,0.0,0.0,30.0,390.0,0.0,0.0,0.0,0.0,0.0
176,176,0.0,0.0,255.0,255.0,255.0,255.0,0176.png,20.0,5.0,255.0,0.0,0.0,510.0,210.0,0.0,0.0,0.0,0.0,0.0
177,177,0.0,0.0,255.0,255.0,255.0,255.0,0177.png,20.0,6.0,255.0,0.0,0.0,330.0,270.0,0.0,0.0,0.0,0.0,0.0
178,178,0.0,0.0,255.0,255.0,255.0,255.0,0178.png,20.0,7.0,255.0,0.0,0.0,390.0,30.0,0.43114739970145466,0.43114739970145466,0.43114739970145466,0.43114739970145466,0.43114739970145466
179,179,0.0,0.0,255.0,255.0,255.0,255.0,0179.png,20.0,8.0,255.0,0.0,0.0,270.0,330.0,0.577056914160151,0.577056914160151,0.577056914160151,0.577056914160151,0.577056914160151
180,180,0.0,0.0,255.0,0.0,255.0,0.0,0180.png,20.0,3.0,0.0,0.0,0.0,210.0,30.0,0.0,0.0,0.0,0.0,0.0
181,181,0.0,0.0,255.0,0.0,255.0,0.0,0181.png,20.0,4.0,0.0,0.0,0.0,150.0,150.0,0.0,0.0,0.0,0.0,0.0
182,182,0.0,0.0,255.0,0.0,255.0,0.0,0182.png,20.0,5.0,0.0,0.0,0.0,390.0,510.0,0.0,0.0,0.0,0.0,0.0
183,183,0.0,0.0,255.0,0.0,255.0,0.0,0183.png,20.0,6.0,0.0,0.0,0.0,150.0,270.0,0.0,0.0,0.0,0.0,0.0
184,184,0.0,0.0,255.0,0.0,255.0,0.0,0184.png,20.0,7.0,0.0,0.0,0.0,450.0,390.0,0.0,0.0,0.0,0.0,0.0
185,185,0.0,0.0,255.0,0.0,255.0,0.0,0185.png,20.0,8.0,0.0,0.0,0.0,570.0,570.0,0.018933587254193477,0.018933587254193477,0.018933587254193477,0.018933587254193477,0.018933587254193477
186,186,0.0,0.0,255.0,0.0,255.0,0.0,0186.png,20.0,3.0,255.0,255.0,255.0,330.0,570.0,0.0,0.0,0.0,0.0,0.0
187,187,0.0,0.0,255.0,0.0,255.0,0.0,0187.png,20.0,4.0,255.0,255.0,255.0,450.0,330.0,0.0,0.0,0.0,0.0,0.0
188,188,0.0,0.0,255.0,0.0,255.0,0.0,0188.png,20.0,5.0,255.0,255.0,255.0,510.0,330.0,0.0,0.0,0.0,0.0,0.0
189,189,0.0,0.0,255.0,0.0,255.0,0.0,0189.png,20.0,6.0,255.0,255.0,255.0,510.0,390.0,0.0011402901805976724,0.0,0.0,0.2337047161451959,0.2337047161451959
190,190,0.0,0.0,255.0,0.0,255.0,0.0,0190.png,20.0,7.0,255.0,255.0,255.0,90.0,210.0,0.0642974547360484,0.0642974547360484,0.0642974547360484,0.0642974547360484,0.0642974547360484
191,191,0.0,0.0,255.0,0.0,255.0,0.0,0191.png,20.0,8.0,255.0,255.0,255.0,450.0,570.0,0.0,0.0,0.0,0.0,0.0
192,192,0.0,0.0,255.0,0.0,255.0,0.0,0192.png,20.0,3.0,255.0,0.0,0.0,570.0,510.0,0.0,0.0,0.0,0.0,0.0
193,193,0.0,0.0,255.0,0.0,255.0,0.0,0193.png,20.0,4.0,255.0,0.0,0.0,450.0,30.0,0.0,0.0,0.5194681665633585,0.5194681665633585,0.5194681665633585
194,194,0.0,0.0,255.0,0.0,255.0,0.0,0194.png,20.0,5.0,255.0,0.0,0.0,570.0,90.0,0.0,0.0,0.0,0.0,0.0
195,195,0.0,0.0,255.0,0.0,255.0,0.0,0195.png,20.0,6.0,255.0,0.0,0.0,570.0,570.0,0.3799635221043604,0.3799635221043604,0.3799635221043604,0.3799635221043604,0.3799635221043604
196,196,0.0,0.0,255.0,0.0,255.0,0.0,0196.png,20.0,7.0,255.0,0.0,0.0,330.0,450.0,0.05696483778072684,0.05696483778072684,0.05696483778072684,0.05696483778072684,0.05696483778072684
197,197,0.0,0.0,255.0,0.0,255.0,0.0,0197.png,20.0,8.0,255.0,0.0,0.0,210.0,390.0,0.0,0.0,0.0,0.0,0.0
198,198,0.0,0.0,255.0,255.0,0.0,0.0,0198.png,20.0,3.0,0.0,0.0,0.0,270.0,270.0,0.0,0.0,0.0,0.0,0.0
199,199,0.0,0.0,255.0,255.0,0.0,0.0,0199.png,20.0,4.0,0.0,0.0,0.0,330.0,90.0,0.0,0.0,0.0,0.0,0.0
200,200,0.0,0.0,255.0,255.0,0.0,0.0,0200.png,20.0,5.0,0.0,0.0,0.0,390.0,450.0,0.0,0.0,0.0,0.0,0.0
201,201,0.0,0.0,255.0,255.0,0.0,0.0,0201.png,20.0,6.0,0.0,0.0,0.0,30.0,30.0,0.0,0.0,0.0,0.0,0.0
202,202,0.0,0.0,255.0,255.0,0.0,0.0,0202.png,20.0,7.0,0.0,0.0,0.0,270.0,210.0,0.0,0.0,0.0,0.0,0.0
203,203,0.0,0.0,255.0,255.0,0.0,0.0,0203.png,20.0,8.0,0.0,0.0,0.0,210.0,330.0,0.0,0.0,0.0,0.0,0.0
204,204,0.0,0.0,255.0,255.0,0.0,0.0,0204.png,20.0,3.0,255.0,255.0,255.0,210.0,210.0,0.6209384037744444,0.6209384037744444,0.6209384037744444,0.6209384037744444,0.6209384037744444
205,205,0.0,0.0,255.0,255.0,0.0,0.0,0205.png,20.0,4.0,255.0,255.0,255.0,150.0,150.0,0.5124051202982358,0.5124051202982358,0.5124051202982358,0.5124051202982358,0.5124051202982358
206,206,0.0,0.0,255.0,255.0,0.0,0.0,0206.png,20.0,5.0,255.0,255.0,255.0,270.0,210.0,0.0,0.0,0.0,0.0,0.0
207,207,0.0,0.0,255.0,255.0,0.0,0.0,0207.png,20.0,6.0,255.0,255.0,255.0,330.0,270.0,0.5044716280125238,0.5044716280125238,0.5044716280125238,0.5044716280125238,0.5044716280125238
208,208,0.0,0.0,255.0,255.0,0.0,0.0,0208.png,20.0,7.0,255.0,255.0,255.0,150.0,510.0,0.6362979143417332,0.6362979143417332,0.6362979143417332,0.6362979143417332,0.6362979143417332
209,209,0.0,0.0,255.0,255.0,0.0,0.0,0209.png,20.0,8.0,255.0,255.0,255.0,90.0,390.0,0.11577182381235421,0.11577182381235421,0.11577182381235421,0.11577182381235421,0.11577182381235421
210,210,0.0,0.0,255.0,255.0,0.0,0.0,0210.png,20.0,3.0,0.0,255.0,0.0,30.0,210.0,0.4856319230959116,0.4856319230959116,0.4856319230959116,0.4856319230959116,0.4856319230959116
211,211,0.0,0.0,255.0,255.0,0.0,0.0,0211.png,20.0,4.0,0.0,255.0,0.0,270.0,570.0,0.6535233708081201,0.6535233708081201,0.6535233708081201,0.6535233708081201,0.6535233708081201
212,212,0.0,0.0,255.0,255.0,0.0,0.0,0212.png,20.0,5.0,0.0,255.0,0.0,30.0,570.0,0.5774754026463012,0.5774754026463012,0.5774754026463012,0.5774754026463012,0.5774754026463012
213,213,0.0,0.0,255.0,255.0,0.0,0.0,0213.png,20.0,6.0,0.0,255.0,0.0,510.0,270.0,0.2568852707953166,0.0,0.0,0.0,0.0
214,214,0.0,0.0,255.0,255.0,0.0,0.0,0214.png,20.0,7.0,0.0,255.0,0.0,30.0,90.0,0.40793841583998175,0.40793841583998175,0.40793841583998175,0.40793841583998175,0.40793841583998175
215,215,0.0,0.0,255.0,255.0,0.0,0.0,0215.png,20.0,8.0,0.0,255.0,0.0,150.0,570.0,0.5586507411652526,0.5586507411652526,0.5586507411652526,0.5586507411652526,0.5586507411652526
216,216,0.0,255.0,0.0,0.0,0.0,0.0,0216.png,20.0,3.0,255.0,255.0,255.0,450.0,510.0,0.6347052934010833,0.6347052934010833,0.6347052934010833,0.6347052934010833,0.6347052934010833
217,217,0.0,255.0,0.0,0.0,0.0,0.0,0217.png,20.0,4.0,255.0,255.0,255.0,210.0,90.0,0.0,0.0,0.497443406855817,0.497443406855817,0.497443406855817
218,218,0.0,255.0,0.0,0.0,0.0,0.0,0218.png,20.0,5.0,255.0,255.0,255.0,510.0,210.0,0.0,0.0,0.0,0.0,0.0
219,219,0.0,255.0,0.0,0.0,0.0,0.0,0219.png,20.0,6.0,255.0,255.0,255.0,30.0,90.0,0.3912564312895295,0.3912564312895295,0.3912564312895295,0.3912564312895295,0.3912564312895295
220,220,0.0,255.0,0.0,0.0,0.0,0.0,0220.png,20.0,7.0,255.0,255.0,255.0,330.0,450.0,0.0,0.3394220337188776,0.3394220337188776,0.3394220337188776,0.3394220337188776
221,221,0.0,255.0,0.0,0.0,0.0,0.0,0221.png,20.0,8.0,255.0,255.0,255.0,150.0,270.0,0.2365945274596152,0.2365945274596152,0.2365945274596152,0.2365945274596152,0.2365945274596152
222,222,0.0,255.0,0.0,0.0,0.0,0.0,0222.png,20.0,3.0,0.0,0.0,255.0,210.0,30.0,0.5137509273793748,0.5137509273793748,0.5137509273793748,0.5137509273793748,0.5137509273793748
223,223,0.0,255.0,0.0,0.0,0.0,0.0,0223.png,20.0,4.0,0.0,0.0,255.0,270.0,330.0,0.0,0.0,0.0,0.0,0.0
224,224,0.0,255.0,0.0,0.0,0.0,0.0,0224.png,20.0,5.0,0.0,0.0,255.0,30.0,570.0,0.5377408762473919,0.5377408762473919,0.5377408762473919,0.5377408762473919,0.5377408762473919
225,225,0.0,255.0,0.0,0.0,0.0,0.0,0225.png,20.0,6.0,0.0,0.0,255.0,330.0,510.0,0.035962490935958345,0.035962490935958345,0.035962490935958345,0.035962490935958345,0.035962490935958345
226,226,0.0,255.0,0.0,0.0,0.0,0.0,0226.png,20.0,7.0,0.0,0.0,255.0,330.0,150.0,0.509619994995248,0.509619994995248,0.509619994995248,0.509619994995248,0.509619994995248
227,227,0.0,255.0,0.0,0.0,0.0,0.0,0227.png,20.0,8.0,0.0,0.0,255.0,90.0,30.0,0.41743871639632985,0.41743871639632985,0.41743871639632985,0.41743871639632985,0.41743871639632985
228,228,0.0,255.0,0.0,0.0,0.0,0.0,0228.png,20.0,3.0,255.0,0.0,0.0,330.0,450.0,0.5677898803167272,0.5677898803167272,0.5677898803167272,0.5677898803167272,0.5677898803167272
229,229,0.0,255.0,0.0,0.0,0.0,0.0,0229.png,20.0,4.0,255.0,0.0,0.0,150.0,330.0,0.0,0.0,0.0,0.0,0.0
230,230,0.0,255.0,0.0,0.0,0.0,0.0,0230.png,20.0,5.0,255.0,0.0,0.0,570.0,270.0,0.0,0.0,0.0551537518555144,0.0551537518555144,0.0551537518555144
231,231,0.0,255.0,0.0,0.0,0.0,0.0,0231.png,20.0,6.0,255.0,0.0,0.0,450.0,570.0,0.0,0.0,0.0,0.0,0.0
232,232,0.0,255.0,0.0,0.0,0.0,0.0,0232.png,20.0,7.0,255.0,0.0,0.0,270.0,390.0,0.3819089551753108,0.3819089551753108,0.3819089551753108,0.3819089551753108,0.3819089551753108
233,233,0.0,255.0,0.0,0.0,0.0,0.0,0233.png,20.0,8.0,255.0,0.0,0.0,30.0,90.0,0.0,0.0,0.0,0.0,0.0
234,234,0.0,255.0,0.0,255.0,255.0,255.0,0234.png,20.0,3.0,0.0,0.0,0.0,90.0,150.0,0.6272134213871967,0.6272134213871967,0.6272134213871967,0.6272134213871967,0.6272134213871967
235,235,0.0,255.0,0.0,255.0,255.0,255.0,0235.png,20.0,4.0,0.0,0.0,0.0,510.0,570.0,0.5868171779261913,0.5868171779261913,0.5868171779261913,0.5868171779261913,0.5868171779261913
236,236,0.0,255.0,0.0,255.0,255.0,255.0,0236.png,20.0,5.0,0.0,0.0,0.0,570.0,390.0,0.0,0.0,0.0,0.0,0.0
237,237,0.0,255.0,0.0,255.0,255.0,255.0,0237.png,20.0,6.0,0.0,0.0,0.0,30.0,150.0,0.4581071699988051,0.4581071699988051,0.4581071699988051,0.4581071699988051,0.4581071699988051
238,238,0.0,255.0,0.0,255.0,255.0,255.0,0238.png,20.0,7.0,0.0,0.0,0.0,90.0,390.0,0.48571024970469473,0.48571024970469473,0.48571024970469473,0.48571024970469473,0.48571024970469473
239,239,0.0,255.0,0.0,255.0,255.0,255.0,0239.png,20.0,8.0,0.0,0.0,0.0,270.0,330.0,0.0,0.0,0.0,0.0,0.0
240,240,0.0,255.0,0.0,255.0,255.0,255.0,0240.png,20.0,3.0,0.0,0.0,255.0,270.0,150.0,0.5010763783652689,0.5010763783652689,0.5010763783652689,0.5010763783652689,0.5010763783652689
241,241,0.0,255.0,0.0,255.0,255.0,255.0,0241.png,20.0,4.0,0.0,0.0,255.0,90.0,510.0,0.443682346836976,0.443682346836976,0.443682346836976,0.443682346836976,0.443682346836976
242,242,0.0,255.0,0.0,255.0,255.0,255.0,0242.png,20.0,5.0,0.0,0.0,255.0,90.0,90.0,0.0,0.0,0.0,0.0,0.0
243,243,0.0,255.0,0.0,255.0,255.0,255.0,0243.png,20.0,6.0,0.0,0.0,255.0,570.0,210.0,0.053655669066609464,0.053655669066609464,0.053655669066609464,0.053655669066609464,0.053655669066609464
244,244,0.0,255.0,0.0,255.0,255.0,255.0,0244.png,20.0,7.0,0.0,0.0,255.0,150.0,570.0,0.7219365560356764,0.7219365560356764,0.7219365560356764,0.7219365560356764,0.7219365560356764
245,245,0.0,255.0,0.0,255.0,255.0,255.0,0245.png,20.0,8.0,0.0,0.0,255.0,510.0,210.0,0.11158196620731076,0.11158196620731076,0.11158196620731076,0.11158196620731076,0.11158196620731076
246,246,0.0,255.0,0.0,255.0,255.0,255.0,0246.png,20.0,3.0,255.0,0.0,0.0,510.0,270.0,0.0,0.0,0.0,0.0,0.0
247,247,0.0,255.0,0.0,255.0,255.0,255.0,0247.png,20.0,4.0,255.0,0.0,0.0,510.0,510.0,0.4786707537545153,0.4786707537545153,0.4786707537545153,0.4786707537545153,0.4786707537545153
248,248,0.0,255.0,0.0,255.0,255.0,255.0,0248.png,20.0,5.0,255.0,0.0,0.0,510.0,150.0,0.0,0.0,0.0,0.0,0.0
249,249,0.0,255.0,0.0,255.0,255.0,255.0,0249.png,20.0,6.0,255.0,0.0,0.0,150.0,510.0,0.39898068033949885,0.39898068033949885,0.39898068033949885,0.39898068033949885,0.39898068033949885
250,250,0.0,255.0,0.0,255.0,255.0,255.0,0250.png,20.0,7.0,255.0,0.0,0.0,450.0,150.0,0.0,0.0,0.0,0.0,0.0
251,251,0.0,255.0,0.0,255.0,255.0,255.0,0251.png,20.0,8.0,255.0,0.0,0.0,450.0,390.0,0.44875898993620167,0.44875898993620167,0.44875898993620167,0.44875898993620167,0.44875898993620167
252,252,0.0,255.0,0.0,0.0,0.0,255.0,0252.png,20.0,3.0,0.0,0.0,0.0,330.0,330.0,0.0,0.0,0.0,0.0,0.0
253,253,0.0,255.0,0.0,0.0,0.0,255.0,0253.png,20.0,4.0,0.0,0.0,0.0,270.0,390.0,0.0,0.0,0.0,0.0,0.0
254,254,0.0,255.0,0.0,0.0,0.0,255.0,0254.png,20.0,5.0,0.0,0.0,0.0,270.0,570.0,0.0,0.0,0.0,0.0,0.0
255,255,0.0,255.0,0.0,0.0,0.0,255.0,0255.png,20.0,6.0,0.0,0.0,0.0,450.0,570.0,0.0,0.0,0.0,0.0,0.0
256,256,0.0,255.0,0.0,0.0,0.0,255.0,0256.png,20.0,7.0,0.0,0.0,0.0,150.0,30.0,0.0,0.0,0.0,0.0,0.0
257,257,0.0,255.0,0.0,0.0,0.0,255.0,0257.png,20.0,8.0,0.0,0.0,0.0,330.0,90.0,0.0,0.0,0.0,0.0,0.0
258,258,0.0,255.0,0.0,0.0,0.0,255.0,0258.png,20.0,3.0,255.0,255.0,255.0,30.0,330.0,0.08362619813177737,0.08362619813177737,0.0,0.0,0.0
259,259,0.0,255.0,0.0,0.0,0.0,255.0,0259.png,20.0,4.0,255.0,255.0,255.0,30.0,30.0,0.21577059186853412,0.21577059186853412,0.21577059186853412,0.21577059186853412,0.21577059186853412
260,260,0.0,255.0,0.0,0.0,0.0,255.0,0260.png,20.0,5.0,255.0,255.0,255.0,450.0,150.0,0.0,0.0,0.0,0.0,0.0
261,261,0.0,255.0,0.0,0.0,0.0,255.0,0261.png,20.0,6.0,255.0,255.0,255.0,510.0,450.0,0.0,0.0,0.0,0.0,0.0
262,262,0.0,255.0,0.0,0.0,0.0,255.0,0262.png,20.0,7.0,255.0,255.0,255.0,90.0,510.0,0.0,0.0,0.0,0.0,0.0
263,263,0.0,255.0,0.0,0.0,0.0,255.0,0263.png,20.0,8.0,255.0,255.0,255.0,210.0,330.0,0.0,0.0,0.0,0.0,0.0
264,264,0.0,255.0,0.0,0.0,0.0,255.0,0264.png,20.0,3.0,255.0,0.0,0.0,210.0,570.0,0.700027616610182,0.700027616610182,0.700027616610182,0.700027616610182,0.700027616610182
265,265,0.0,255.0,0.0,0.0,0.0,255.0,0265.png,20.0,4.0,255.0,0.0,0.0,90.0,270.0,0.532655290197813,0.532655290197813,0.532655290197813,0.532655290197813,0.532655290197813
266,266,0.0,255.0,0.0,0.0,0.0,255.0,0266.png,20.0,5.0,255.0,0.0,0.0,510.0,510.0,0.0,0.0,0.0,0.0,0.0
267,267,0.0,255.0,0.0,0.0,0.0,255.0,0267.png,20.0,6.0,255.0,0.0,0.0,210.0,90.0,0.6440462963308741,0.6440462963308741,0.6440462963308741,0.6440462963308741,0.6440462963308741
268,268,0.0,255.0,0.0,0.0,0.0,255.0,0268.png,20.0,7.0,255.0,0.0,0.0,270.0,390.0,0.5075733261294931,0.0,0.5075733261294931,0.5075733261294931,0.5075733261294931
269,269,0.0,255.0,0.0,0.0,0.0,255.0,0269.png,20.0,8.0,255.0,0.0,0.0,570.0,330.0,0.0,0.0,0.0,0.0,0.0
270,270,0.0,255.0,0.0,255.0,0.0,0.0,0270.png,20.0,3.0,0.0,0.0,0.0,450.0,510.0,0.0,0.0,0.0,0.0,0.0
271,271,0.0,255.0,0.0,255.0,0.0,0.0,0271.png,20.0,4.0,0.0,0.0,0.0,450.0,210.0,0.0,0.0,0.0,0.0,0.0
272,272,0.0,255.0,0.0,255.0,0.0,0.0,0272.png,20.0,5.0,0.0,0.0,0.0,570.0,150.0,0.0,0.0,0.0,0.0,0.0
273,273,0.0,255.0,0.0,255.0,0.0,0.0,0273.png,20.0,6.0,0.0,0.0,0.0,390.0,570.0,0.0,0.0,0.0,0.0,0.0
274,274,0.0,255.0,0.0,255.0,0.0,0.0,0274.png,20.0,7.0,0.0,0.0,0.0,210.0,270.0,0.0,0.0,0.0,0.0,0.0
275,275,0.0,255.0,0.0,255.0,0.0,0.0,0275.png,20.0,8.0,0.0,0.0,0.0,270.0,270.0,0.0,0.0,0.0,0.0,0.0
276,276,0.0,255.0,0.0,255.0,0.0,0.0,0276.png,20.0,3.0,255.0,255.0,255.0,90.0,150.0,0.0,0.0,0.0,0.0,0.0
277,277,0.0,255.0,0.0,255.0,0.0,0.0,0277.png,20.0,4.0,255.0,255.0,255.0,90.0,90.0,0.0,0.0,0.0,0.0,0.0
278,278,0.0,255.0,0.0,255.0,0.0,0.0,0278.png,20.0,5.0,255.0,255.0,255.0,30.0,510.0,0.0,0.0,0.0,0.0,0.0
279,279,0.0,255.0,0.0,255.0,0.0,0.0,0279.png,20.0,6.0,255.0,255.0,255.0,90.0,390.0,0.0,0.0,0.0,0.0,0.0
280,280,0.0,255.0,0.0,255.0,0.0,0.0,0280.png,20.0,7.0,255.0,255.0,255.0,390.0,90.0,0.0,0.0,0.0,0.0,0.0
281,281,0.0,255.0,0.0,255.0,0.0,0.0,0281.png,20.0,8.0,255.0,255.0,255.0,570.0,30.0,0.0,0.0,0.0,0.0,0.0
282,282,0.0,255.0,0.0,255.0,0.0,0.0,0282.png,20.0,3.0,0.0,0.0,255.0,330.0,210.0,0.5095517630136454,0.5095517630136454,0.5095517630136454,0.5095517630136454,0.5095517630136454
283,283,0.0,255.0,0.0,255.0,0.0,0.0,0283.png,20.0,4.0,0.0,0.0,255.0,30.0,390.0,0.0,0.0,0.0,0.0,0.0
284,284,0.0,255.0,0.0,255.0,0.0,0.0,0284.png,20.0,5.0,0.0,0.0,255.0,450.0,450.0,0.43777503723051714,0.43777503723051714,0.43777503723051714,0.43777503723051714,0.43777503723051714
285,285,0.0,255.0,0.0,255.0,0.0,0.0,0285.png,20.0,6.0,0.0,0.0,255.0,270.0,390.0,0.0,0.0,0.0,0.0,0.0
286,286,0.0,255.0,0.0,255.0,0.0,0.0,0286.png,20.0,7.0,0.0,0.0,255.0,510.0,570.0,0.015968239403000017,0.015968239403000017,0.015968239403000017,0.015968239403000017,0.015968239403000017
287,287,0.0,255.0,0.0,255.0,0.0,0.0,0287.png,20.0,8.0,0.0,0.0,255.0,510.0,210.0,0.006182666512710488,0.006182666512710488,0.006182666512710488,0.006182666512710488,0.0
288,288,255.0,0.0,0.0,0.0,0.0,0.0,0288.png,20.0,3.0,255.0,255.0,255.0,570.0,270.0,0.32050614305071023,0.32050614305071023,0.32050614305071023,0.32050614305071023,0.32050614305071023
289,289,255.0,0.0,0.0,0.0,0.0,0.0,0289.png,20.0,4.0,255.0,255.0,255.0,30.0,450.0,0.4256628974790463,0.4256628974790463,0.4256628974790463,0.4256628974790463,0.4256628974790463
290,290,255.0,0.0,0.0,0.0,0.0,0.0,0290.png,20.0,5.0,255.0,255.0,255.0,510.0,210.0,0.615378721395209,0.615378721395209,0.615378721395209,0.615378721395209,0.615378721395209
291,291,255.0,0.0,0.0,0.0,0.0,0.0,0291.png,20.0,6.0,255.0,255.0,255.0,450.0,570.0,0.43406700035037454,0.43406700035037454,0.43406700035037454,0.43406700035037454,0.43406700035037454
292,292,255.0,0.0,0.0,0.0,0.0,0.0,0292.png,20.0,7.0,255.0,255.0,255.0,390.0,390.0,0.5912140980602051,0.5912140980602051,0.5912140980602051,0.5912140980602051,0.5912140980602051
293,293,255.0,0.0,0.0,0.0,0.0,0.0,0293.png,20.0,8.0,255.0,255.0,255.0,450.0,270.0,0.03503617815604765,0.03503617815604765,0.03503617815604765,0.03503617815604765,0.03503617815604765
294,294,255.0,0.0,0.0,0.0,0.0,0.0,0294.png,20.0,3.0,0.0,0.0,255.0,390.0,330.0,0.5530629077225405,0.5530629077225405,0.5530629077225405,0.5530629077225405,0.5530629077225405
295,295,255.0,0.0,0.0,0.0,0.0,0.0,0295.png,20.0,4.0,0.0,0.0,255.0,510.0,210.0,0.5214757023960064,0.5214757023960064,0.5214757023960064,0.5214757023960064,0.5214757023960064
296,296,255.0,0.0,0.0,0.0,0.0,0.0,0296.png,20.0,5.0,0.0,0.0,255.0,570.0,150.0,0.3505403111195028,0.3505403111195028,0.3505403111195028,0.3505403111195028,0.3505403111195028
297,297,255.0,0.0,0.0,0.0,0.0,0.0,0297.png,20.0,6.0,0.0,0.0,255.0,510.0,390.0,0.4841358629904963,0.4841358629904963,0.4841358629904963,0.4841358629904963,0.4841358629904963
298,298,255.0,0.0,0.0,0.0,0.0,0.0,0298.png,20.0,7.0,0.0,0.0,255.0,450.0,30.0,0.25483038567941596,0.25483038567941596,0.25483038567941596,0.25483038567941596,0.25483038567941596
299,299,255.0,0.0,0.0,0.0,0.0,0.0,0299.png,20.0,8.0,0.0,0.0,255.0,330.0,150.0,0.0408184359718723,0.0408184359718723,0.0408184359718723,0.0408184359718723,0.0408184359718723
300,300,255.0,0.0,0.0,0.0,0.0,0.0,0300.png,20.0,3.0,0.0,255.0,0.0,90.0,270.0,0.64577359833729,0.64577359833729,0.64577359833729,0.64577359833729,0.64577359833729
301,301,255.0,0.0,0.0,0.0,0.0,0.0,0301.png,20.0,4.0,0.0,255.0,0.0,270.0,210.0,0.0,0.0,0.0,0.0,0.0
302,302,255.0,0.0,0.0,0.0,0.0,0.0,0302.png,20.0,5.0,0.0,255.0,0.0,570.0,330.0,0.36308218302276113,0.36308218302276113,0.36308218302276113,0.36308218302276113,0.36308218302276113
303,303,255.0,0.0,0.0,0.0,0.0,0.0,0303.png,20.0,6.0,0.0,255.0,0.0,210.0,270.0,0.5136407612065793,0.5136407612065793,0.5136407612065793,0.5136407612065793,0.5136407612065793
304,304,255.0,0.0,0.0,0.0,0.0,0.0,0304.png,20.0,7.0,0.0,255.0,0.0,210.0,330.0,0.5626756214879995,0.5626756214879995,0.5626756214879995,0.5626756214879995,0.5626756214879995
305,305,255.0,0.0,0.0,0.0,0.0,0.0,0305.png,20.0,8.0,0.0,255.0,0.0,330.0,210.0,0.5887493675543903,0.5887493675543903,0.5887493675543903,0.5887493675543903,0.5887493675543903
306,306,255.0,0.0,0.0,255.0,255.0,255.0,0306.png,20.0,3.0,0.0,0.0,0.0,270.0,90.0,0.0,0.0,0.0,0.0,0.0
307,307,255.0,0.0,0.0,255.0,255.0,255.0,0307.png,20.0,4.0,0.0,0.0,0.0,570.0,270.0,0.0,0.0,0.0,0.0,0.0
308,308,255.0,0.0,0.0,255.0,255.0,255.0,0308.png,20.0,5.0,0.0,0.0,0.0,450.0,90.0,0.0,0.0,0.0,0.0,0.0
309,309,255.0,0.0,0.0,255.0,255.0,255.0,0309.png,20.0,6.0,0.0,0.0,0.0,90.0,210.0,0.0,0.0,0.0,0.0,0.0
310,310,255.0,0.0,0.0,255.0,255.0,255.0,0310.png,20.0,7.0,0.0,0.0,0.0,510.0,510.0,0.0,0.0,0.0,0.0,0.0
311,311,255.0,0.0,0.0,255.0,255.0,255.0,0311.png,20.0,8.0,0.0,0.0,0.0,330.0,510.0,0.0,0.0,0.0,0.0,0.0
312,312,255.0,0.0,0.0,255.0,255.0,255.0,0312.png,20.0,3.0,0.0,0.0,255.0,30.0,450.0,0.0,0.0,0.0,0.0,0.0
313,313,255.0,0.0,0.0,255.0,255.0,255.0,0313.png,20.0,4.0,0.0,0.0,255.0,570.0,450.0,0.0,0.0,0.0,0.0,0.0
314,314,255.0,0.0,0.0,255.0,255.0,255.0,0314.png,20.0,5.0,0.0,0.0,255.0,30.0,450.0,0.0,0.0,0.0,0.0,0.0
315,315,255.0,0.0,0.0,255.0,255.0,255.0,0315.png,20.0,6.0,0.0,0.0,255.0,510.0,330.0,0.5005277476098609,0.5005277476098609,0.5005277476098609,0.0,0.0
316,316,255.0,0.0,0.0,255.0,255.0,255.0,0316.png,20.0,7.0,0.0,0.0,255.0,390.0,270.0,0.5259863410717043,0.5259863410717043,0.5259863410717043,0.5259863410717043,0.5259863410717043
317,317,255.0,0.0,0.0,255.0,255.0,255.0,0317.png,20.0,8.0,0.0,0.0,255.0,210.0,390.0,0.0,0.0,0.0,0.0,0.0
318,318,255.0,0.0,0.0,255.0,255.0,255.0,0318.png,20.0,3.0,0.0,255.0,0.0,210.0,450.0,0.49759546648739783,0.49759546648739783,0.49759546648739783,0.49759546648739783,0.49759546648739783
319,319,255.0,0.0,0.0,255.0,255.0,255.0,0319.png,20.0,4.0,0.0,255.0,0.0,570.0,510.0,0.3180042438737746,0.3180042438737746,0.3180042438737746,0.3180042438737746,0.3180042438737746
320,320,255.0,0.0,0.0,255.0,255.0,255.0,0320.png,20.0,5.0,0.0,255.0,0.0,510.0,210.0,0.5710812061859695,0.5710812061859695,0.5710812061859695,0.5710812061859695,0.5710812061859695
321,321,255.0,0.0,0.0,255.0,255.0,255.0,0321.png,20.0,6.0,0.0,255.0,0.0,270.0,270.0,0.5545379098957127,0.5545379098957127,0.5545379098957127,0.5545379098957127,0.5545379098957127
322,322,255.0,0.0,0.0,255.0,255.0,255.0,0322.png,20.0,7.0,0.0,255.0,0.0,30.0,90.0,0.4485830440592385,0.4485830440592385,0.4485830440592385,0.4485830440592385,0.4485830440592385
323,323,255.0,0.0,0.0,255.0,255.0,255.0,0323.png,20.0,8.0,0.0,255.0,0.0,510.0,210.0,0.5742703806136078,0.0,0.0,0.0,0.0
324,324,255.0,0.0,0.0,0.0,0.0,255.0,0324.png,20.0,3.0,0.0,0.0,0.0,510.0,90.0,0.0,0.0,0.0,0.0,0.0
325,325,255.0,0.0,0.0,0.0,0.0,255.0,0325.png,20.0,4.0,0.0,0.0,0.0,510.0,450.0,0.0,0.0,0.0,0.0,0.0
326,326,255.0,0.0,0.0,0.0,0.0,255.0,0326.png,20.0,5.0,0.0,0.0,0.0,210.0,90.0,0.0,0.0,0.0,0.0,0.0
327,327,255.0,0.0,0.0,0.0,0.0,255.0,0327.png,20.0,6.0,0.0,0.0,0.0,90.0,150.0,0.0,0.0,0.0,0.0,0.0
328,328,255.0,0.0,0.0,0.0,0.0,255.0,0328.png,20.0,7.0,0.0,0.0,0.0,510.0,150.0,0.0,0.0,0.0,0.0,0.0
329,329,255.0,0.0,0.0,0.0,0.0,255.0,0329.png,20.0,8.0,0.0,0.0,0.0,150.0,150.0,0.6369051633673017,0.6369051633673017,0.0,0.0,0.0
330,330,255.0,0.0,0.0,0.0,0.0,255.0,0330.png,20.0,3.0,255.0,255.0,255.0,390.0,90.0,0.0,0.0,0.5086030087170905,0.5086030087170905,0.5086030087170905
331,331,255.0,0.0,0.0,0.0,0.0,255.0,0331.png,20.0,4.0,255.0,255.0,255.0,90.0,510.0,0.4929024929121199,0.4929024929121199,0.4929024929121199,0.4929024929121199,0.4929024929121199
332,332,255.0,0.0,0.0,0.0,0.0,255.0,0332.png,20.0,5.0,255.0,255.0,255.0,570.0,30.0,0.4616198223789255,0.4616198223789255,0.4616198223789255,0.4616198223789255,0.4616198223789255
333,333,255.0,0.0,0.0,0.0,0.0,255.0,0333.png,20.0,6.0,255.0,255.0,255.0,330.0,210.0,0.6549726491752778,0.6549726491752778,0.6549726491752778,0.6549726491752778,0.6549726491752778
334,334,255.0,0.0,0.0,0.0,0.0,255.0,0334.png,20.0,7.0,255.0,255.0,255.0,270.0,210.0,0.0,0.0,0.0,0.0,0.0
335,335,255.0,0.0,0.0,0.0,0.0,255.0,0335.png,20.0,8.0,255.0,255.0,255.0,30.0,30.0,0.49203905199595055,0.49203905199595055,0.49203905199595055,0.49203905199595055,0.49203905199595055
336,336,255.0,0.0,0.0,0.0,0.0,255.0,0336.png,20.0,3.0,0.0,255.0,0.0,330.0,330.0,0.5463295823364414,0.5463295823364414,0.5463295823364414,0.5463295823364414,0.5463295823364414
337,337,255.0,0.0,0.0,0.0,0.0,255.0,0337.png,20.0,4.0,0.0,255.0,0.0,150.0,510.0,0.5361389877496954,0.5361389877496954,0.5361389877496954,0.5361389877496954,0.5361389877496954
338,338,255.0,0.0,0.0,0.0,0.0,255.0,0338.png,20.0,5.0,0.0,255.0,0.0,150.0,210.0,0.6491442490718622,0.6491442490718622,0.6491442490718622,0.6491442490718622,0.6491442490718622
339,339,255.0,0.0,0.0,0.0,0.0,255.0,0339.png,20.0,6.0,0.0,255.0,0.0,570.0,210.0,0.45434919275648034,0.45434919275648034,0.45434919275648034,0.45434919275648034,0.45434919275648034
340,340,255.0,0.0,0.0,0.0,0.0,255.0,0340.png,20.0,7.0,0.0,255.0,0.0,390.0,90.0,0.48544904703513564,0.48544904703513564,0.48544904703513564,0.48544904703513564,0.48544904703513564
341,341,255.0,0.0,0.0,0.0,0.0,255.0,0341.png,20.0,8.0,0.0,255.0,0.0,510.0,210.0,0.12298371428953823,0.12298371428953823,0.12298371428953823,0.12298371428953823,0.12298371428953823
342,342,255.0,0.0,0.0,0.0,255.0,0.0,0342.png,20.0,3.0,0.0,0.0,0.0,450.0,330.0,0.0,0.0,0.0,0.0,0.0
343,343,255.0,0.0,0.0,0.0,255.0,0.0,0343.png,20.0,4.0,0.0,0.0,0.0,390.0,150.0,0.0,0.0,0.0,0.0,0.0
344,344,255.0,0.0,0.0,0.0,255.0,0.0,0344.png,20.0,5.0,0.0,0.0,0.0,30.0,450.0,0.03863836368793748,0.03863836368793748,0.03863836368793748,0.03863836368793748,0.03863836368793748
345,345,255.0,0.0,0.0,0.0,255.0,0.0,0345.png,20.0,6.0,0.0,0.0,0.0,330.0,450.0,0.0,0.0,0.0,0.0,0.0
346,346,255.0,0.0,0.0,0.0,255.0,0.0,0346.png,20.0,7.0,0.0,0.0,0.0,30.0,210.0,0.0,0.0,0.0,0.0,0.0
347,347,255.0,0.0,0.0,0.0,255.0,0.0,0347.png,20.0,8.0,0.0,0.0,0.0,210.0,330.0,0.0,0.0,0.0,0.0,0.0
348,348,255.0,0.0,0.0,0.0,255.0,0.0,0348.png,20.0,3.0,255.0,255.0,255.0,30.0,150.0,0.0,0.0,0.0,0.0,0.0
349,349,255.0,0.0,0.0,0.0,255.0,0.0,0349.png,20.0,4.0,255.0,255.0,255.0,210.0,30.0,0.0,0.0,0.0,0.0,0.0
350,350,255.0,0.0,0.0,0.0,255.0,0.0,0350.png,20.0,5.0,255.0,255.0,255.0,90.0,450.0,0.4885974786115589,0.4885974786115589,0.4885974786115589,0.4885974786115589,0.4885974786115589
351,351,255.0,0.0,0.0,0.0,255.0,0.0,0351.png,20.0,6.0,255.0,255.0,255.0,450.0,30.0,0.5080734653640049,0.5080734653640049,0.5080734653640049,0.5080734653640049,0.5080734653640049
352,352,255.0,0.0,0.0,0.0,255.0,0.0,0352.png,20.0,7.0,255.0,255.0,255.0,150.0,90.0,0.024806524995704248,0.024806524995704248,0.024806524995704248,0.024806524995704248,0.024806524995704248
353,353,255.0,0.0,0.0,0.0,255.0,0.0,0353.png,20.0,8.0,255.0,255.0,255.0,330.0,90.0,0.5117796948344893,0.5117796948344893,0.5117796948344893,0.5117796948344893,0.5117796948344893
354,354,255.0,0.0,0.0,0.0,255.0,0.0,0354.png,20.0,3.0,0.0,0.0,255.0,210.0,150.0,0.5165805337822503,0.5165805337822503,0.5165805337822503,0.5165805337822503,0.5165805337822503
355,355,255.0,0.0,0.0,0.0,255.0,0.0,0355.png,20.0,4.0,0.0,0.0,255.0,30.0,330.0,0.0,0.0,0.0,0.0,0.0
356,356,255.0,0.0,0.0,0.0,255.0,0.0,0356.png,20.0,5.0,0.0,0.0,255.0,270.0,330.0,0.519608777468439,0.519608777468439,0.519608777468439,0.519608777468439,0.519608777468439
357,357,255.0,0.0,0.0,0.0,255.0,0.0,0357.png,20.0,6.0,0.0,0.0,255.0,510.0,330.0,0.500999920495618,0.500999920495618,0.500999920495618,0.500999920495618,0.500999920495618
358,358,255.0,0.0,0.0,0.0,255.0,0.0,0358.png,20.0,7.0,0.0,0.0,255.0,390.0,90.0,0.5095182674292039,0.5095182674292039,0.5095182674292039,0.5095182674292039,0.5095182674292039
359,359,255.0,0.0,0.0,0.0,255.0,0.0,0359.png,20.0,8.0,0.0,0.0,255.0,150.0,330.0,0.3739972393050463,0.3739972393050463,0.3739972393050463,0.3739972393050463,0.3739972393050463
