,Unnamed: 0,back_color_b,back_color_g,back_color_r,distractor_color_b,distractor_color_g,distractor_color_r,image_file_name,item_radius,num_item,target_color_b,target_color_g,target_color_r,target_x,target_y,iou_conv1_poolsize8,iou_conv2_poolsize8,iou_conv3_poolsize8,iou_conv4_poolsize8
0,0,0.0,0.0,0.0,255.0,255.0,255.0,0000.png,20.0,3.0,0.0,0.0,255.0,90.0,270.0,0.0,0.5381346940994263,0.0,0.0
1,1,0.0,0.0,0.0,255.0,255.0,255.0,0001.png,20.0,4.0,0.0,0.0,255.0,210.0,30.0,0.0,0.0,0.0,0.0
2,2,0.0,0.0,0.0,255.0,255.0,255.0,0002.png,20.0,5.0,0.0,0.0,255.0,90.0,510.0,0.021607760339975357,0.021607760339975357,0.021607760339975357,0.0
3,3,0.0,0.0,0.0,255.0,255.0,255.0,0003.png,20.0,6.0,0.0,0.0,255.0,210.0,30.0,0.0,0.0,0.0,0.0
4,4,0.0,0.0,0.0,255.0,255.0,255.0,0004.png,20.0,7.0,0.0,0.0,255.0,210.0,270.0,0.43467238545417786,0.43467238545417786,0.0,0.0
5,5,0.0,0.0,0.0,255.0,255.0,255.0,0005.png,20.0,8.0,0.0,0.0,255.0,570.0,30.0,0.0,0.0,0.0,0.0
6,6,0.0,0.0,0.0,255.0,255.0,255.0,0006.png,20.0,3.0,0.0,255.0,0.0,210.0,450.0,0.0,0.0,0.0,0.11973299086093903
7,7,0.0,0.0,0.0,255.0,255.0,255.0,0007.png,20.0,4.0,0.0,255.0,0.0,510.0,510.0,0.0,0.0,0.0,0.0
8,8,0.0,0.0,0.0,255.0,255.0,255.0,0008.png,20.0,5.0,0.0,255.0,0.0,570.0,90.0,0.0,0.3233368396759033,0.0,0.0
9,9,0.0,0.0,0.0,255.0,255.0,255.0,0009.png,20.0,6.0,0.0,255.0,0.0,570.0,90.0,0.0,0.0,0.0,0.29622313380241394
10,10,0.0,0.0,0.0,255.0,255.0,255.0,0010.png,20.0,7.0,0.0,255.0,0.0,330.0,570.0,0.5222439765930176,0.5222439765930176,0.0,0.0
11,11,0.0,0.0,0.0,255.0,255.0,255.0,0011.png,20.0,8.0,0.0,255.0,0.0,270.0,90.0,0.0,0.35246407985687256,0.0,0.0
12,12,0.0,0.0,0.0,255.0,255.0,255.0,0012.png,20.0,3.0,255.0,0.0,0.0,270.0,150.0,0.0,0.48620492219924927,0.48620492219924927,0.48620492219924927
13,13,0.0,0.0,0.0,255.0,255.0,255.0,0013.png,20.0,4.0,255.0,0.0,0.0,390.0,510.0,0.0,0.5246797800064087,0.5246797800064087,0.0
14,14,0.0,0.0,0.0,255.0,255.0,255.0,0014.png,20.0,5.0,255.0,0.0,0.0,210.0,330.0,0.0,0.0,0.0,0.0
15,15,0.0,0.0,0.0,255.0,255.0,255.0,0015.png,20.0,6.0,255.0,0.0,0.0,30.0,330.0,0.0,0.0,0.0,0.0
16,16,0.0,0.0,0.0,255.0,255.0,255.0,0016.png,20.0,7.0,255.0,0.0,0.0,330.0,390.0,0.0,0.0820944532752037,0.0820944532752037,0.0820944532752037
17,17,0.0,0.0,0.0,255.0,255.0,255.0,0017.png,20.0,8.0,255.0,0.0,0.0,450.0,90.0,0.08112367987632751,0.08112367987632751,0.08112367987632751,0.0
18,18,0.0,0.0,0.0,0.0,0.0,255.0,0018.png,20.0,3.0,255.0,255.0,255.0,390.0,30.0,0.48386964201927185,0.48386964201927185,0.48386964201927185,0.48386964201927185
19,19,0.0,0.0,0.0,0.0,0.0,255.0,0019.png,20.0,4.0,255.0,255.0,255.0,210.0,570.0,0.4609944224357605,0.0,0.0,0.0
20,20,0.0,0.0,0.0,0.0,0.0,255.0,0020.png,20.0,5.0,255.0,255.0,255.0,390.0,90.0,0.5099587440490723,0.5099587440490723,0.5099587440490723,0.0
21,21,0.0,0.0,0.0,0.0,0.0,255.0,0021.png,20.0,6.0,255.0,255.0,255.0,570.0,270.0,0.2919549345970154,0.0,0.0,0.0
22,22,0.0,0.0,0.0,0.0,0.0,255.0,0022.png,20.0,7.0,255.0,255.0,255.0,90.0,30.0,0.4373549222946167,0.4373549222946167,0.4373549222946167,0.0
23,23,0.0,0.0,0.0,0.0,0.0,255.0,0023.png,20.0,8.0,255.0,255.0,255.0,30.0,270.0,0.34897375106811523,0.0,0.0,0.0
24,24,0.0,0.0,0.0,0.0,0.0,255.0,0024.png,20.0,3.0,0.0,255.0,0.0,30.0,570.0,0.31238892674446106,0.31238892674446106,0.0,0.0
25,25,0.0,0.0,0.0,0.0,0.0,255.0,0025.png,20.0,4.0,0.0,255.0,0.0,150.0,330.0,0.5298422574996948,0.5298422574996948,0.5298422574996948,0.0
26,26,0.0,0.0,0.0,0.0,0.0,255.0,0026.png,20.0,5.0,0.0,255.0,0.0,30.0,390.0,0.19033704698085785,0.0,0.0,0.0
27,27,0.0,0.0,0.0,0.0,0.0,255.0,0027.png,20.0,6.0,0.0,255.0,0.0,390.0,390.0,0.4316529333591461,0.4316529333591461,0.0,0.0
28,28,0.0,0.0,0.0,0.0,0.0,255.0,0028.png,20.0,7.0,0.0,255.0,0.0,330.0,30.0,0.44149312376976013,0.44149312376976013,0.0,0.0
29,29,0.0,0.0,0.0,0.0,0.0,255.0,0029.png,20.0,8.0,0.0,255.0,0.0,90.0,510.0,0.4585508108139038,0.4585508108139038,0.0,0.0
30,30,0.0,0.0,0.0,0.0,0.0,255.0,0030.png,20.0,3.0,255.0,0.0,0.0,270.0,390.0,0.0,0.0,0.0,0.0
31,31,0.0,0.0,0.0,0.0,0.0,255.0,0031.png,20.0,4.0,255.0,0.0,0.0,30.0,330.0,0.0,0.0,0.0,0.0
32,32,0.0,0.0,0.0,0.0,0.0,255.0,0032.png,20.0,5.0,255.0,0.0,0.0,330.0,510.0,0.43829336762428284,0.0,0.0,0.0
33,33,0.0,0.0,0.0,0.0,0.0,255.0,0033.png,20.0,6.0,255.0,0.0,0.0,510.0,390.0,0.0,0.0,0.0,0.0
34,34,0.0,0.0,0.0,0.0,0.0,255.0,0034.png,20.0,7.0,255.0,0.0,0.0,150.0,210.0,0.5906189680099487,0.0,0.0,0.0
35,35,0.0,0.0,0.0,0.0,0.0,255.0,0035.png,20.0,8.0,255.0,0.0,0.0,510.0,150.0,0.0,0.0,0.0,0.0
36,36,0.0,0.0,0.0,0.0,255.0,0.0,0036.png,20.0,3.0,255.0,255.0,255.0,210.0,390.0,0.0,0.0,0.0,0.0
37,37,0.0,0.0,0.0,0.0,255.0,0.0,0037.png,20.0,4.0,255.0,255.0,255.0,150.0,210.0,0.5498007535934448,0.5498007535934448,0.0,0.0
38,38,0.0,0.0,0.0,0.0,255.0,0.0,0038.png,20.0,5.0,255.0,255.0,255.0,570.0,210.0,0.2696896493434906,0.0,0.0,0.0
39,39,0.0,0.0,0.0,0.0,255.0,0.0,0039.png,20.0,6.0,255.0,255.0,255.0,270.0,210.0,0.05668392404913902,0.05668392404913902,0.05668392404913902,0.0
40,40,0.0,0.0,0.0,0.0,255.0,0.0,0040.png,20.0,7.0,255.0,255.0,255.0,90.0,510.0,0.4843269884586334,0.0,0.0,0.0
41,41,0.0,0.0,0.0,0.0,255.0,0.0,0041.png,20.0,8.0,255.0,255.0,255.0,330.0,510.0,0.4957698881626129,0.0,0.4957698881626129,0.0
42,42,0.0,0.0,0.0,0.0,255.0,0.0,0042.png,20.0,3.0,0.0,0.0,255.0,150.0,90.0,0.0,0.0,0.0,0.0
43,43,0.0,0.0,0.0,0.0,255.0,0.0,0043.png,20.0,4.0,0.0,0.0,255.0,270.0,510.0,0.0,0.0,0.0,0.0
44,44,0.0,0.0,0.0,0.0,255.0,0.0,0044.png,20.0,5.0,0.0,0.0,255.0,150.0,570.0,0.5629255771636963,0.5629255771636963,0.0,0.0
45,45,0.0,0.0,0.0,0.0,255.0,0.0,0045.png,20.0,6.0,0.0,0.0,255.0,510.0,450.0,0.23480632901191711,0.0,0.0,0.0
46,46,0.0,0.0,0.0,0.0,255.0,0.0,0046.png,20.0,7.0,0.0,0.0,255.0,450.0,210.0,0.5204241275787354,0.0,0.0,0.0
47,47,0.0,0.0,0.0,0.0,255.0,0.0,0047.png,20.0,8.0,0.0,0.0,255.0,270.0,570.0,0.5105377435684204,0.5105377435684204,0.5105377435684204,0.5105377435684204
48,48,0.0,0.0,0.0,0.0,255.0,0.0,0048.png,20.0,3.0,255.0,0.0,0.0,330.0,390.0,0.0,0.0,0.0,0.0
49,49,0.0,0.0,0.0,0.0,255.0,0.0,0049.png,20.0,4.0,255.0,0.0,0.0,390.0,330.0,0.0,0.0,0.06990873068571091,0.0
50,50,0.0,0.0,0.0,0.0,255.0,0.0,0050.png,20.0,5.0,255.0,0.0,0.0,210.0,90.0,0.4258093237876892,0.0,0.0,0.0
51,51,0.0,0.0,0.0,0.0,255.0,0.0,0051.png,20.0,6.0,255.0,0.0,0.0,30.0,510.0,0.3811315596103668,0.0,0.0,0.0
52,52,0.0,0.0,0.0,0.0,255.0,0.0,0052.png,20.0,7.0,255.0,0.0,0.0,390.0,330.0,0.47638222575187683,0.47638222575187683,0.0,0.0
53,53,0.0,0.0,0.0,0.0,255.0,0.0,0053.png,20.0,8.0,255.0,0.0,0.0,210.0,570.0,0.4503985047340393,0.0,0.0,0.0
54,54,0.0,0.0,0.0,255.0,0.0,0.0,0054.png,20.0,3.0,255.0,255.0,255.0,330.0,570.0,0.334659606218338,0.334659606218338,0.334659606218338,0.0
55,55,0.0,0.0,0.0,255.0,0.0,0.0,0055.png,20.0,4.0,255.0,255.0,255.0,150.0,390.0,0.48567548394203186,0.48567548394203186,0.48567548394203186,0.0
56,56,0.0,0.0,0.0,255.0,0.0,0.0,0056.png,20.0,5.0,255.0,255.0,255.0,330.0,270.0,0.036632198840379715,0.0,0.0,0.036632198840379715
57,57,0.0,0.0,0.0,255.0,0.0,0.0,0057.png,20.0,6.0,255.0,255.0,255.0,90.0,270.0,0.5056262612342834,0.5056262612342834,0.0,0.0
58,58,0.0,0.0,0.0,255.0,0.0,0.0,0058.png,20.0,7.0,255.0,255.0,255.0,510.0,450.0,0.185872882604599,0.185872882604599,0.185872882604599,0.185872882604599
59,59,0.0,0.0,0.0,255.0,0.0,0.0,0059.png,20.0,8.0,255.0,255.0,255.0,510.0,90.0,0.2535859942436218,0.0,0.0,0.0
60,60,0.0,0.0,0.0,255.0,0.0,0.0,0060.png,20.0,3.0,0.0,0.0,255.0,390.0,570.0,0.4291664659976959,0.4291664659976959,0.4291664659976959,0.0
61,61,0.0,0.0,0.0,255.0,0.0,0.0,0061.png,20.0,4.0,0.0,0.0,255.0,570.0,390.0,0.0,0.0,0.0,0.0
62,62,0.0,0.0,0.0,255.0,0.0,0.0,0062.png,20.0,5.0,0.0,0.0,255.0,570.0,570.0,0.294024258852005,0.294024258852005,0.294024258852005,0.294024258852005
63,63,0.0,0.0,0.0,255.0,0.0,0.0,0063.png,20.0,6.0,0.0,0.0,255.0,450.0,510.0,0.0707058310508728,0.0,0.0707058310508728,0.0707058310508728
64,64,0.0,0.0,0.0,255.0,0.0,0.0,0064.png,20.0,7.0,0.0,0.0,255.0,150.0,270.0,0.07340642064809799,0.0,0.07340642064809799,0.0
65,65,0.0,0.0,0.0,255.0,0.0,0.0,0065.png,20.0,8.0,0.0,0.0,255.0,270.0,390.0,0.0,0.0,0.0,0.03965640068054199
66,66,0.0,0.0,0.0,255.0,0.0,0.0,0066.png,20.0,3.0,0.0,255.0,0.0,150.0,330.0,0.07309451699256897,0.07309451699256897,0.07309451699256897,0.0
67,67,0.0,0.0,0.0,255.0,0.0,0.0,0067.png,20.0,4.0,0.0,255.0,0.0,30.0,570.0,0.4144100844860077,0.4144100844860077,0.4144100844860077,0.0
68,68,0.0,0.0,0.0,255.0,0.0,0.0,0068.png,20.0,5.0,0.0,255.0,0.0,150.0,150.0,0.49928614497184753,0.49928614497184753,0.49928614497184753,0.0
69,69,0.0,0.0,0.0,255.0,0.0,0.0,0069.png,20.0,6.0,0.0,255.0,0.0,270.0,150.0,0.39378732442855835,0.39378732442855835,0.0,0.0
70,70,0.0,0.0,0.0,255.0,0.0,0.0,0070.png,20.0,7.0,0.0,255.0,0.0,90.0,150.0,0.40272408723831177,0.40272408723831177,0.0,0.0
71,71,0.0,0.0,0.0,255.0,0.0,0.0,0071.png,20.0,8.0,0.0,255.0,0.0,270.0,450.0,0.3523452877998352,0.3523452877998352,0.0,0.0
72,72,255.0,255.0,255.0,0.0,0.0,0.0,0072.png,20.0,3.0,0.0,0.0,255.0,570.0,510.0,0.0,0.4280257523059845,0.0,0.0
73,73,255.0,255.0,255.0,0.0,0.0,0.0,0073.png,20.0,4.0,0.0,0.0,255.0,150.0,570.0,0.0,0.6177890300750732,0.6177890300750732,0.0
74,74,255.0,255.0,255.0,0.0,0.0,0.0,0074.png,20.0,5.0,0.0,0.0,255.0,450.0,570.0,0.0,0.46754127740859985,0.0,0.0
75,75,255.0,255.0,255.0,0.0,0.0,0.0,0075.png,20.0,6.0,0.0,0.0,255.0,210.0,390.0,0.0,0.0,0.0,0.0
76,76,255.0,255.0,255.0,0.0,0.0,0.0,0076.png,20.0,7.0,0.0,0.0,255.0,210.0,270.0,0.0,0.0,0.0,0.0
77,77,255.0,255.0,255.0,0.0,0.0,0.0,0077.png,20.0,8.0,0.0,0.0,255.0,330.0,390.0,0.0,0.07987365126609802,0.0,0.0
78,78,255.0,255.0,255.0,0.0,0.0,0.0,0078.png,20.0,3.0,0.0,255.0,0.0,570.0,30.0,0.0,0.0,0.0,0.0
79,79,255.0,255.0,255.0,0.0,0.0,0.0,0079.png,20.0,4.0,0.0,255.0,0.0,450.0,570.0,0.5327458381652832,0.5327458381652832,0.0,0.0
80,80,255.0,255.0,255.0,0.0,0.0,0.0,0080.png,20.0,5.0,0.0,255.0,0.0,570.0,30.0,0.0,0.3733943700790405,0.0,0.0
81,81,255.0,255.0,255.0,0.0,0.0,0.0,0081.png,20.0,6.0,0.0,255.0,0.0,30.0,330.0,0.0,0.2276674509048462,0.0,0.0
82,82,255.0,255.0,255.0,0.0,0.0,0.0,0082.png,20.0,7.0,0.0,255.0,0.0,450.0,450.0,0.0,0.425946444272995,0.0,0.0
83,83,255.0,255.0,255.0,0.0,0.0,0.0,0083.png,20.0,8.0,0.0,255.0,0.0,570.0,330.0,0.0,0.0,0.0,0.26855140924453735
84,84,255.0,255.0,255.0,0.0,0.0,0.0,0084.png,20.0,3.0,255.0,0.0,0.0,330.0,270.0,0.571918249130249,0.571918249130249,0.571918249130249,0.571918249130249
85,85,255.0,255.0,255.0,0.0,0.0,0.0,0085.png,20.0,4.0,255.0,0.0,0.0,570.0,210.0,0.0,0.39246851205825806,0.0,0.0
86,86,255.0,255.0,255.0,0.0,0.0,0.0,0086.png,20.0,5.0,255.0,0.0,0.0,450.0,270.0,0.0,0.6095737218856812,0.0,0.0
87,87,255.0,255.0,255.0,0.0,0.0,0.0,0087.png,20.0,6.0,255.0,0.0,0.0,270.0,210.0,0.0,0.0,0.01749391481280327,0.01749391481280327
88,88,255.0,255.0,255.0,0.0,0.0,0.0,0088.png,20.0,7.0,255.0,0.0,0.0,30.0,330.0,0.0744432732462883,0.0744432732462883,0.0744432732462883,0.0744432732462883
89,89,255.0,255.0,255.0,0.0,0.0,0.0,0089.png,20.0,8.0,255.0,0.0,0.0,90.0,390.0,0.0,0.5133679509162903,0.0,0.0
90,90,255.0,255.0,255.0,0.0,0.0,255.0,0090.png,20.0,3.0,0.0,0.0,0.0,210.0,270.0,0.5230638384819031,0.0,0.5230638384819031,0.0
91,91,255.0,255.0,255.0,0.0,0.0,255.0,0091.png,20.0,4.0,0.0,0.0,0.0,270.0,210.0,0.0,0.0,0.0,0.0
92,92,255.0,255.0,255.0,0.0,0.0,255.0,0092.png,20.0,5.0,0.0,0.0,0.0,150.0,90.0,0.05331901088356972,0.05331901088356972,0.05331901088356972,0.05331901088356972
93,93,255.0,255.0,255.0,0.0,0.0,255.0,0093.png,20.0,6.0,0.0,0.0,0.0,270.0,90.0,0.5598103404045105,0.0,0.0,0.0
94,94,255.0,255.0,255.0,0.0,0.0,255.0,0094.png,20.0,7.0,0.0,0.0,0.0,90.0,450.0,0.0,0.0,0.0,0.0
95,95,255.0,255.0,255.0,0.0,0.0,255.0,0095.png,20.0,8.0,0.0,0.0,0.0,210.0,390.0,0.0,0.0,0.0,0.0
96,96,255.0,255.0,255.0,0.0,0.0,255.0,0096.png,20.0,3.0,0.0,255.0,0.0,90.0,450.0,0.0,0.4655001759529114,0.0,0.4655001759529114
97,97,255.0,255.0,255.0,0.0,0.0,255.0,0097.png,20.0,4.0,0.0,255.0,0.0,210.0,30.0,0.0,0.0,0.0,0.0
98,98,255.0,255.0,255.0,0.0,0.0,255.0,0098.png,20.0,5.0,0.0,255.0,0.0,390.0,150.0,0.4814479947090149,0.4814479947090149,0.0,0.0
99,99,255.0,255.0,255.0,0.0,0.0,255.0,0099.png,20.0,6.0,0.0,255.0,0.0,450.0,390.0,0.4677923023700714,0.4677923023700714,0.0,0.0
100,100,255.0,255.0,255.0,0.0,0.0,255.0,0100.png,20.0,7.0,0.0,255.0,0.0,210.0,510.0,0.45761606097221375,0.45761606097221375,0.0,0.0
101,101,255.0,255.0,255.0,0.0,0.0,255.0,0101.png,20.0,8.0,0.0,255.0,0.0,210.0,90.0,0.49716687202453613,0.49716687202453613,0.49716687202453613,0.0
102,102,255.0,255.0,255.0,0.0,0.0,255.0,0102.png,20.0,3.0,255.0,0.0,0.0,90.0,390.0,0.5046473145484924,0.5046473145484924,0.0,0.0
103,103,255.0,255.0,255.0,0.0,0.0,255.0,0103.png,20.0,4.0,255.0,0.0,0.0,330.0,330.0,0.5512489080429077,0.5512489080429077,0.5512489080429077,0.0
104,104,255.0,255.0,255.0,0.0,0.0,255.0,0104.png,20.0,5.0,255.0,0.0,0.0,30.0,570.0,0.5753400325775146,0.5753400325775146,0.0,0.0
105,105,255.0,255.0,255.0,0.0,0.0,255.0,0105.png,20.0,6.0,255.0,0.0,0.0,510.0,270.0,0.004131380468606949,0.004131380468606949,0.0,0.0
106,106,255.0,255.0,255.0,0.0,0.0,255.0,0106.png,20.0,7.0,255.0,0.0,0.0,30.0,330.0,0.0,0.0,0.0,0.0
107,107,255.0,255.0,255.0,0.0,0.0,255.0,0107.png,20.0,8.0,255.0,0.0,0.0,90.0,330.0,0.0,0.0,0.0,0.0
108,108,255.0,255.0,255.0,0.0,255.0,0.0,0108.png,20.0,3.0,0.0,0.0,0.0,510.0,210.0,0.0,0.0,0.0,0.0
109,109,255.0,255.0,255.0,0.0,255.0,0.0,0109.png,20.0,4.0,0.0,0.0,0.0,570.0,450.0,0.0,0.0,0.0,0.32951098680496216
110,110,255.0,255.0,255.0,0.0,255.0,0.0,0110.png,20.0,5.0,0.0,0.0,0.0,570.0,510.0,0.0,0.0,0.0,0.36227262020111084
111,111,255.0,255.0,255.0,0.0,255.0,0.0,0111.png,20.0,6.0,0.0,0.0,0.0,30.0,150.0,0.061820417642593384,0.0,0.061820417642593384,0.061820417642593384
112,112,255.0,255.0,255.0,0.0,255.0,0.0,0112.png,20.0,7.0,0.0,0.0,0.0,510.0,30.0,0.5869166254997253,0.0,0.0,0.0
113,113,255.0,255.0,255.0,0.0,255.0,0.0,0113.png,20.0,8.0,0.0,0.0,0.0,90.0,90.0,0.5951873064041138,0.5951873064041138,0.0,0.0
114,114,255.0,255.0,255.0,0.0,255.0,0.0,0114.png,20.0,3.0,0.0,0.0,255.0,150.0,390.0,0.6380340456962585,0.6380340456962585,0.6380340456962585,0.0
115,115,255.0,255.0,255.0,0.0,255.0,0.0,0115.png,20.0,4.0,0.0,0.0,255.0,270.0,150.0,0.0,0.0,0.0,0.0
116,116,255.0,255.0,255.0,0.0,255.0,0.0,0116.png,20.0,5.0,0.0,0.0,255.0,330.0,570.0,0.5929127931594849,0.5929127931594849,0.0,0.0
117,117,255.0,255.0,255.0,0.0,255.0,0.0,0117.png,20.0,6.0,0.0,0.0,255.0,570.0,210.0,0.33550477027893066,0.0,0.0,0.0
118,118,255.0,255.0,255.0,0.0,255.0,0.0,0118.png,20.0,7.0,0.0,0.0,255.0,570.0,510.0,0.3759435713291168,0.0,0.0,0.0
119,119,255.0,255.0,255.0,0.0,255.0,0.0,0119.png,20.0,8.0,0.0,0.0,255.0,570.0,270.0,0.1872900277376175,0.1872900277376175,0.0,0.0
120,120,255.0,255.0,255.0,0.0,255.0,0.0,0120.png,20.0,3.0,255.0,0.0,0.0,450.0,150.0,0.629962682723999,0.629962682723999,0.629962682723999,0.0
121,121,255.0,255.0,255.0,0.0,255.0,0.0,0121.png,20.0,4.0,255.0,0.0,0.0,570.0,270.0,0.0,0.0,0.0,0.0
122,122,255.0,255.0,255.0,0.0,255.0,0.0,0122.png,20.0,5.0,255.0,0.0,0.0,90.0,510.0,0.5781415700912476,0.5781415700912476,0.0,0.0
123,123,255.0,255.0,255.0,0.0,255.0,0.0,0123.png,20.0,6.0,255.0,0.0,0.0,270.0,510.0,0.5890892744064331,0.5890892744064331,0.5890892744064331,0.0
124,124,255.0,255.0,255.0,0.0,255.0,0.0,0124.png,20.0,7.0,255.0,0.0,0.0,570.0,570.0,0.06139545887708664,0.06139545887708664,0.06139545887708664,0.0
125,125,255.0,255.0,255.0,0.0,255.0,0.0,0125.png,20.0,8.0,255.0,0.0,0.0,150.0,270.0,0.44626107811927795,0.44626107811927795,0.0,0.0
126,126,255.0,255.0,255.0,255.0,0.0,0.0,0126.png,20.0,3.0,0.0,0.0,0.0,30.0,270.0,0.0,0.0,0.0,0.0
127,127,255.0,255.0,255.0,255.0,0.0,0.0,0127.png,20.0,4.0,0.0,0.0,0.0,390.0,450.0,0.0,0.0,0.0,0.0
128,128,255.0,255.0,255.0,255.0,0.0,0.0,0128.png,20.0,5.0,0.0,0.0,0.0,30.0,270.0,0.0,0.0,0.0,0.0
129,129,255.0,255.0,255.0,255.0,0.0,0.0,0129.png,20.0,6.0,0.0,0.0,0.0,570.0,570.0,0.4673125147819519,0.0,0.0,0.0
130,130,255.0,255.0,255.0,255.0,0.0,0.0,0130.png,20.0,7.0,0.0,0.0,0.0,150.0,570.0,0.6338320374488831,0.0,0.0,0.6338320374488831
131,131,255.0,255.0,255.0,255.0,0.0,0.0,0131.png,20.0,8.0,0.0,0.0,0.0,150.0,30.0,0.0,0.5417383909225464,0.0,0.0
132,132,255.0,255.0,255.0,255.0,0.0,0.0,0132.png,20.0,3.0,0.0,0.0,255.0,510.0,510.0,0.0,0.0,0.0,0.0
133,133,255.0,255.0,255.0,255.0,0.0,0.0,0133.png,20.0,4.0,0.0,0.0,255.0,390.0,210.0,0.5523098111152649,0.5523098111152649,0.0,0.0
134,134,255.0,255.0,255.0,255.0,0.0,0.0,0134.png,20.0,5.0,0.0,0.0,255.0,30.0,330.0,0.0,0.0,0.0,0.0
135,135,255.0,255.0,255.0,255.0,0.0,0.0,0135.png,20.0,6.0,0.0,0.0,255.0,30.0,90.0,0.0,0.3789578378200531,0.0,0.0
136,136,255.0,255.0,255.0,255.0,0.0,0.0,0136.png,20.0,7.0,0.0,0.0,255.0,510.0,150.0,0.0037383500020951033,0.45155176520347595,0.0,0.0
137,137,255.0,255.0,255.0,255.0,0.0,0.0,0137.png,20.0,8.0,0.0,0.0,255.0,90.0,570.0,0.0,0.0,0.0,0.0
138,138,255.0,255.0,255.0,255.0,0.0,0.0,0138.png,20.0,3.0,0.0,255.0,0.0,210.0,150.0,0.0,0.0,0.0,0.0
139,139,255.0,255.0,255.0,255.0,0.0,0.0,0139.png,20.0,4.0,0.0,255.0,0.0,30.0,390.0,0.0,0.0,0.0,0.0
140,140,255.0,255.0,255.0,255.0,0.0,0.0,0140.png,20.0,5.0,0.0,255.0,0.0,210.0,450.0,0.0,0.0,0.0,0.0
141,141,255.0,255.0,255.0,255.0,0.0,0.0,0141.png,20.0,6.0,0.0,255.0,0.0,570.0,510.0,0.0,0.0,0.0,0.0
142,142,255.0,255.0,255.0,255.0,0.0,0.0,0142.png,20.0,7.0,0.0,255.0,0.0,270.0,150.0,0.4262080490589142,0.0,0.4262080490589142,0.0
143,143,255.0,255.0,255.0,255.0,0.0,0.0,0143.png,20.0,8.0,0.0,255.0,0.0,30.0,30.0,0.42455559968948364,0.42455559968948364,0.0,0.0
144,144,0.0,0.0,255.0,0.0,0.0,0.0,0144.png,20.0,3.0,255.0,255.0,255.0,270.0,150.0,0.47037070989608765,0.0,0.0,0.0
145,145,0.0,0.0,255.0,0.0,0.0,0.0,0145.png,20.0,4.0,255.0,255.0,255.0,330.0,390.0,0.5271241664886475,0.0,0.0,0.0
146,146,0.0,0.0,255.0,0.0,0.0,0.0,0146.png,20.0,5.0,255.0,255.0,255.0,270.0,30.0,0.43516841530799866,0.0,0.0,0.0
147,147,0.0,0.0,255.0,0.0,0.0,0.0,0147.png,20.0,6.0,255.0,255.0,255.0,30.0,150.0,0.4471692740917206,0.0,0.0,0.0
148,148,0.0,0.0,255.0,0.0,0.0,0.0,0148.png,20.0,7.0,255.0,255.0,255.0,30.0,510.0,0.4010747969150543,0.0,0.0,0.0
149,149,0.0,0.0,255.0,0.0,0.0,0.0,0149.png,20.0,8.0,255.0,255.0,255.0,510.0,210.0,0.2595633566379547,0.2595633566379547,0.0,0.0
150,150,0.0,0.0,255.0,0.0,0.0,0.0,0150.png,20.0,3.0,0.0,255.0,0.0,390.0,330.0,0.42609137296676636,0.42609137296676636,0.0,0.0
151,151,0.0,0.0,255.0,0.0,0.0,0.0,0151.png,20.0,4.0,0.0,255.0,0.0,270.0,510.0,0.4514581859111786,0.4514581859111786,0.4514581859111786,0.4514581859111786
152,152,0.0,0.0,255.0,0.0,0.0,0.0,0152.png,20.0,5.0,0.0,255.0,0.0,150.0,390.0,0.0,0.0,0.0,0.0
153,153,0.0,0.0,255.0,0.0,0.0,0.0,0153.png,20.0,6.0,0.0,255.0,0.0,30.0,390.0,0.27399128675460815,0.27399128675460815,0.0,0.0
154,154,0.0,0.0,255.0,0.0,0.0,0.0,0154.png,20.0,7.0,0.0,255.0,0.0,450.0,510.0,0.5855563282966614,0.5855563282966614,0.0,0.0
155,155,0.0,0.0,255.0,0.0,0.0,0.0,0155.png,20.0,8.0,0.0,255.0,0.0,150.0,450.0,0.4612559378147125,0.4612559378147125,0.0,0.0
156,156,0.0,0.0,255.0,0.0,0.0,0.0,0156.png,20.0,3.0,255.0,0.0,0.0,390.0,270.0,0.5302368402481079,0.5302368402481079,0.0,0.0
157,157,0.0,0.0,255.0,0.0,0.0,0.0,0157.png,20.0,4.0,255.0,0.0,0.0,510.0,330.0,0.2602750062942505,0.0,0.0,0.2602750062942505
158,158,0.0,0.0,255.0,0.0,0.0,0.0,0158.png,20.0,5.0,255.0,0.0,0.0,210.0,210.0,0.5497967004776001,0.0,0.0,0.0
159,159,0.0,0.0,255.0,0.0,0.0,0.0,0159.png,20.0,6.0,255.0,0.0,0.0,390.0,330.0,0.5892469882965088,0.0,0.5892469882965088,0.0
160,160,0.0,0.0,255.0,0.0,0.0,0.0,0160.png,20.0,7.0,255.0,0.0,0.0,90.0,90.0,0.5091609358787537,0.0,0.0,0.0
161,161,0.0,0.0,255.0,0.0,0.0,0.0,0161.png,20.0,8.0,255.0,0.0,0.0,210.0,390.0,0.09013910591602325,0.09013910591602325,0.09013910591602325,0.0
162,162,0.0,0.0,255.0,255.0,255.0,255.0,0162.png,20.0,3.0,0.0,0.0,0.0,90.0,270.0,0.0,0.0,0.0,0.0
163,163,0.0,0.0,255.0,255.0,255.0,255.0,0163.png,20.0,4.0,0.0,0.0,0.0,450.0,150.0,0.0,0.0,0.0,0.0
164,164,0.0,0.0,255.0,255.0,255.0,255.0,0164.png,20.0,5.0,0.0,0.0,0.0,390.0,570.0,0.6464204788208008,0.6464204788208008,0.0,0.6464204788208008
165,165,0.0,0.0,255.0,255.0,255.0,255.0,0165.png,20.0,6.0,0.0,0.0,0.0,30.0,30.0,0.0,0.0,0.0,0.0
166,166,0.0,0.0,255.0,255.0,255.0,255.0,0166.png,20.0,7.0,0.0,0.0,0.0,510.0,570.0,0.0,0.27904874086380005,0.0,0.27904874086380005
167,167,0.0,0.0,255.0,255.0,255.0,255.0,0167.png,20.0,8.0,0.0,0.0,0.0,30.0,450.0,0.0,0.0,0.0,0.0
168,168,0.0,0.0,255.0,255.0,255.0,255.0,0168.png,20.0,3.0,0.0,255.0,0.0,30.0,90.0,0.4227173328399658,0.4227173328399658,0.0,0.0
169,169,0.0,0.0,255.0,255.0,255.0,255.0,0169.png,20.0,4.0,0.0,255.0,0.0,150.0,210.0,0.0,0.0,0.0,0.0
170,170,0.0,0.0,255.0,255.0,255.0,255.0,0170.png,20.0,5.0,0.0,255.0,0.0,510.0,510.0,0.0,0.0,0.0,0.0
171,171,0.0,0.0,255.0,255.0,255.0,255.0,0171.png,20.0,6.0,0.0,255.0,0.0,330.0,150.0,0.18828000128269196,0.18828000128269196,0.0,0.0
172,172,0.0,0.0,255.0,255.0,255.0,255.0,0172.png,20.0,7.0,0.0,255.0,0.0,510.0,330.0,0.22495537996292114,0.0,0.0,0.22495537996292114
173,173,0.0,0.0,255.0,255.0,255.0,255.0,0173.png,20.0,8.0,0.0,255.0,0.0,90.0,510.0,0.12235243618488312,0.12235243618488312,0.12235243618488312,0.12235243618488312
174,174,0.0,0.0,255.0,255.0,255.0,255.0,0174.png,20.0,3.0,255.0,0.0,0.0,30.0,210.0,0.0,0.0,0.0,0.0
175,175,0.0,0.0,255.0,255.0,255.0,255.0,0175.png,20.0,4.0,255.0,0.0,0.0,330.0,90.0,0.4602183699607849,0.4602183699607849,0.0,0.0
176,176,0.0,0.0,255.0,255.0,255.0,255.0,0176.png,20.0,5.0,255.0,0.0,0.0,330.0,570.0,0.671926736831665,0.671926736831665,0.671926736831665,0.0
177,177,0.0,0.0,255.0,255.0,255.0,255.0,0177.png,20.0,6.0,255.0,0.0,0.0,90.0,510.0,0.09774892777204514,0.09774892777204514,0.09774892777204514,0.09774892777204514
178,178,0.0,0.0,255.0,255.0,255.0,255.0,0178.png,20.0,7.0,255.0,0.0,0.0,510.0,150.0,0.0,0.0,0.0,0.001991953933611512
179,179,0.0,0.0,255.0,255.0,255.0,255.0,0179.png,20.0,8.0,255.0,0.0,0.0,570.0,570.0,0.3967004120349884,0.3967004120349884,0.0,0.0
180,180,0.0,0.0,255.0,0.0,255.0,0.0,0180.png,20.0,3.0,0.0,0.0,0.0,270.0,450.0,0.0,0.0,0.0,0.6029079556465149
181,181,0.0,0.0,255.0,0.0,255.0,0.0,0181.png,20.0,4.0,0.0,0.0,0.0,510.0,450.0,0.0,0.0,0.0,0.0
182,182,0.0,0.0,255.0,0.0,255.0,0.0,0182.png,20.0,5.0,0.0,0.0,0.0,510.0,210.0,0.0,0.0,0.2551310956478119,0.2551310956478119
183,183,0.0,0.0,255.0,0.0,255.0,0.0,0183.png,20.0,6.0,0.0,0.0,0.0,390.0,570.0,0.0,0.597084641456604,0.597084641456604,0.597084641456604
184,184,0.0,0.0,255.0,0.0,255.0,0.0,0184.png,20.0,7.0,0.0,0.0,0.0,510.0,390.0,0.027588102966547012,0.0,0.027588102966547012,0.027588102966547012
185,185,0.0,0.0,255.0,0.0,255.0,0.0,0185.png,20.0,8.0,0.0,0.0,0.0,570.0,270.0,0.0,0.0,0.0,0.0
186,186,0.0,0.0,255.0,0.0,255.0,0.0,0186.png,20.0,3.0,255.0,255.0,255.0,570.0,90.0,0.0,0.0,0.0,0.0
187,187,0.0,0.0,255.0,0.0,255.0,0.0,0187.png,20.0,4.0,255.0,255.0,255.0,570.0,510.0,0.4262862205505371,0.0,0.4262862205505371,0.4262862205505371
188,188,0.0,0.0,255.0,0.0,255.0,0.0,0188.png,20.0,5.0,255.0,255.0,255.0,150.0,390.0,0.5423831343650818,0.0,0.0,0.0
189,189,0.0,0.0,255.0,0.0,255.0,0.0,0189.png,20.0,6.0,255.0,255.0,255.0,270.0,510.0,0.0,0.0,0.0,0.0
190,190,0.0,0.0,255.0,0.0,255.0,0.0,0190.png,20.0,7.0,255.0,255.0,255.0,390.0,150.0,0.03886895254254341,0.0,0.03886895254254341,0.03886895254254341
191,191,0.0,0.0,255.0,0.0,255.0,0.0,0191.png,20.0,8.0,255.0,255.0,255.0,390.0,330.0,0.0,0.0,0.0,0.0
192,192,0.0,0.0,255.0,0.0,255.0,0.0,0192.png,20.0,3.0,255.0,0.0,0.0,210.0,570.0,0.0,0.0,0.5607370138168335,0.0
193,193,0.0,0.0,255.0,0.0,255.0,0.0,0193.png,20.0,4.0,255.0,0.0,0.0,390.0,330.0,0.0,0.0,0.0,0.0
194,194,0.0,0.0,255.0,0.0,255.0,0.0,0194.png,20.0,5.0,255.0,0.0,0.0,30.0,450.0,0.0,0.0,0.0,0.0
195,195,0.0,0.0,255.0,0.0,255.0,0.0,0195.png,20.0,6.0,255.0,0.0,0.0,30.0,150.0,0.0,0.0,0.0,0.0
196,196,0.0,0.0,255.0,0.0,255.0,0.0,0196.png,20.0,7.0,255.0,0.0,0.0,90.0,90.0,0.059205878525972366,0.0,0.059205878525972366,0.059205878525972366
197,197,0.0,0.0,255.0,0.0,255.0,0.0,0197.png,20.0,8.0,255.0,0.0,0.0,90.0,270.0,0.0,0.0,0.0,0.0
198,198,0.0,0.0,255.0,255.0,0.0,0.0,0198.png,20.0,3.0,0.0,0.0,0.0,270.0,150.0,0.5401682257652283,0.5401682257652283,0.0,0.0
199,199,0.0,0.0,255.0,255.0,0.0,0.0,0199.png,20.0,4.0,0.0,0.0,0.0,570.0,510.0,0.0,0.0,0.0,0.0
200,200,0.0,0.0,255.0,255.0,0.0,0.0,0200.png,20.0,5.0,0.0,0.0,0.0,570.0,210.0,0.0,0.0,0.0,0.0
201,201,0.0,0.0,255.0,255.0,0.0,0.0,0201.png,20.0,6.0,0.0,0.0,0.0,510.0,570.0,0.0,0.5048964619636536,0.5048964619636536,0.5048964619636536
202,202,0.0,0.0,255.0,255.0,0.0,0.0,0202.png,20.0,7.0,0.0,0.0,0.0,150.0,510.0,0.07973271608352661,0.07973271608352661,0.07973271608352661,0.07973271608352661
203,203,0.0,0.0,255.0,255.0,0.0,0.0,0203.png,20.0,8.0,0.0,0.0,0.0,390.0,390.0,0.0,0.0,0.0,0.0
204,204,0.0,0.0,255.0,255.0,0.0,0.0,0204.png,20.0,3.0,255.0,255.0,255.0,510.0,570.0,0.24265305697917938,0.24265305697917938,0.24265305697917938,0.0
205,205,0.0,0.0,255.0,255.0,0.0,0.0,0205.png,20.0,4.0,255.0,255.0,255.0,570.0,90.0,0.0,0.0,0.0,0.0
206,206,0.0,0.0,255.0,255.0,0.0,0.0,0206.png,20.0,5.0,255.0,255.0,255.0,450.0,390.0,0.0,0.0,0.042995426803827286,0.0
207,207,0.0,0.0,255.0,255.0,0.0,0.0,0207.png,20.0,6.0,255.0,255.0,255.0,30.0,90.0,0.4750865697860718,0.0,0.4750865697860718,0.0
208,208,0.0,0.0,255.0,255.0,0.0,0.0,0208.png,20.0,7.0,255.0,255.0,255.0,450.0,30.0,0.4658633768558502,0.0,0.0,0.0
209,209,0.0,0.0,255.0,255.0,0.0,0.0,0209.png,20.0,8.0,255.0,255.0,255.0,30.0,330.0,0.0,0.0,0.0,0.0
210,210,0.0,0.0,255.0,255.0,0.0,0.0,0210.png,20.0,3.0,0.0,255.0,0.0,90.0,270.0,0.4347004294395447,0.4347004294395447,0.0,0.0
211,211,0.0,0.0,255.0,255.0,0.0,0.0,0211.png,20.0,4.0,0.0,255.0,0.0,570.0,510.0,0.3162326514720917,0.3162326514720917,0.0,0.3162326514720917
212,212,0.0,0.0,255.0,255.0,0.0,0.0,0212.png,20.0,5.0,0.0,255.0,0.0,90.0,30.0,0.47293880581855774,0.47293880581855774,0.0,0.0
213,213,0.0,0.0,255.0,255.0,0.0,0.0,0213.png,20.0,6.0,0.0,255.0,0.0,210.0,330.0,0.39294013381004333,0.39294013381004333,0.0,0.0
214,214,0.0,0.0,255.0,255.0,0.0,0.0,0214.png,20.0,7.0,0.0,255.0,0.0,90.0,150.0,0.460247278213501,0.460247278213501,0.0,0.0
215,215,0.0,0.0,255.0,255.0,0.0,0.0,0215.png,20.0,8.0,0.0,255.0,0.0,390.0,210.0,0.4926828444004059,0.4926828444004059,0.0,0.0
216,216,0.0,255.0,0.0,0.0,0.0,0.0,0216.png,20.0,3.0,255.0,255.0,255.0,30.0,450.0,0.0,0.0,0.0,0.0
217,217,0.0,255.0,0.0,0.0,0.0,0.0,0217.png,20.0,4.0,255.0,255.0,255.0,30.0,510.0,0.0,0.0,0.0,0.0
218,218,0.0,255.0,0.0,0.0,0.0,0.0,0218.png,20.0,5.0,255.0,255.0,255.0,510.0,30.0,0.45875850319862366,0.0,0.45875850319862366,0.0
219,219,0.0,255.0,0.0,0.0,0.0,0.0,0219.png,20.0,6.0,255.0,255.0,255.0,90.0,90.0,0.5115637183189392,0.0,0.0,0.0
220,220,0.0,255.0,0.0,0.0,0.0,0.0,0220.png,20.0,7.0,255.0,255.0,255.0,270.0,450.0,0.0,0.40572071075439453,0.0,0.0
221,221,0.0,255.0,0.0,0.0,0.0,0.0,0221.png,20.0,8.0,255.0,255.0,255.0,570.0,30.0,0.37025946378707886,0.0,0.0,0.37025946378707886
222,222,0.0,255.0,0.0,0.0,0.0,0.0,0222.png,20.0,3.0,0.0,0.0,255.0,270.0,150.0,0.4713703691959381,0.4713703691959381,0.4713703691959381,0.0
223,223,0.0,255.0,0.0,0.0,0.0,0.0,0223.png,20.0,4.0,0.0,0.0,255.0,90.0,570.0,0.5727938413619995,0.5727938413619995,0.0,0.5727938413619995
224,224,0.0,255.0,0.0,0.0,0.0,0.0,0224.png,20.0,5.0,0.0,0.0,255.0,390.0,330.0,0.4081606864929199,0.0,0.4081606864929199,0.0
225,225,0.0,255.0,0.0,0.0,0.0,0.0,0225.png,20.0,6.0,0.0,0.0,255.0,510.0,390.0,0.0,0.22373341023921967,0.22373341023921967,0.0
226,226,0.0,255.0,0.0,0.0,0.0,0.0,0226.png,20.0,7.0,0.0,0.0,255.0,90.0,210.0,0.4270533621311188,0.0,0.0,0.0
227,227,0.0,255.0,0.0,0.0,0.0,0.0,0227.png,20.0,8.0,0.0,0.0,255.0,330.0,330.0,0.0,0.0,0.0,0.0
228,228,0.0,255.0,0.0,0.0,0.0,0.0,0228.png,20.0,3.0,255.0,0.0,0.0,30.0,570.0,0.4605448842048645,0.4605448842048645,0.4605448842048645,0.0
229,229,0.0,255.0,0.0,0.0,0.0,0.0,0229.png,20.0,4.0,255.0,0.0,0.0,270.0,270.0,0.5395485758781433,0.5395485758781433,0.5395485758781433,0.0
230,230,0.0,255.0,0.0,0.0,0.0,0.0,0230.png,20.0,5.0,255.0,0.0,0.0,450.0,30.0,0.0,0.0,0.0,0.0686696395277977
231,231,0.0,255.0,0.0,0.0,0.0,0.0,0231.png,20.0,6.0,255.0,0.0,0.0,270.0,90.0,0.0,0.0,0.545283854007721,0.0
232,232,0.0,255.0,0.0,0.0,0.0,0.0,0232.png,20.0,7.0,255.0,0.0,0.0,330.0,570.0,0.5601964592933655,0.0,0.0,0.0
233,233,0.0,255.0,0.0,0.0,0.0,0.0,0233.png,20.0,8.0,255.0,0.0,0.0,330.0,510.0,0.06552191823720932,0.06552191823720932,0.06552191823720932,0.06552191823720932
234,234,0.0,255.0,0.0,255.0,255.0,255.0,0234.png,20.0,3.0,0.0,0.0,0.0,570.0,270.0,0.0,0.0,0.0,0.0
235,235,0.0,255.0,0.0,255.0,255.0,255.0,0235.png,20.0,4.0,0.0,0.0,0.0,210.0,270.0,0.0,0.0,0.0,0.13421528041362762
236,236,0.0,255.0,0.0,255.0,255.0,255.0,0236.png,20.0,5.0,0.0,0.0,0.0,90.0,30.0,0.0,0.0,0.0,0.0
237,237,0.0,255.0,0.0,255.0,255.0,255.0,0237.png,20.0,6.0,0.0,0.0,0.0,270.0,390.0,0.0,0.0,0.06062900274991989,0.06062900274991989
238,238,0.0,255.0,0.0,255.0,255.0,255.0,0238.png,20.0,7.0,0.0,0.0,0.0,390.0,90.0,0.0,0.0,0.0,0.0756901279091835
239,239,0.0,255.0,0.0,255.0,255.0,255.0,0239.png,20.0,8.0,0.0,0.0,0.0,510.0,90.0,0.04255865514278412,0.04255865514278412,0.0,0.04255865514278412
240,240,0.0,255.0,0.0,255.0,255.0,255.0,0240.png,20.0,3.0,0.0,0.0,255.0,570.0,150.0,0.3134790360927582,0.0,0.0,0.0
241,241,0.0,255.0,0.0,255.0,255.0,255.0,0241.png,20.0,4.0,0.0,0.0,255.0,330.0,570.0,0.6414216160774231,0.6414216160774231,0.6414216160774231,0.0
242,242,0.0,255.0,0.0,255.0,255.0,255.0,0242.png,20.0,5.0,0.0,0.0,255.0,90.0,270.0,0.15447229146957397,0.0,0.0,0.15447229146957397
243,243,0.0,255.0,0.0,255.0,255.0,255.0,0243.png,20.0,6.0,0.0,0.0,255.0,510.0,510.0,0.0,0.31095245480537415,0.0,0.0
244,244,0.0,255.0,0.0,255.0,255.0,255.0,0244.png,20.0,7.0,0.0,0.0,255.0,90.0,30.0,0.5153766870498657,0.5153766870498657,0.0,0.0
245,245,0.0,255.0,0.0,255.0,255.0,255.0,0245.png,20.0,8.0,0.0,0.0,255.0,90.0,270.0,0.0800909474492073,0.0800909474492073,0.0800909474492073,0.0
246,246,0.0,255.0,0.0,255.0,255.0,255.0,0246.png,20.0,3.0,255.0,0.0,0.0,510.0,510.0,0.44984233379364014,0.0,0.0,0.0
247,247,0.0,255.0,0.0,255.0,255.0,255.0,0247.png,20.0,4.0,255.0,0.0,0.0,150.0,570.0,0.5881615877151489,0.5881615877151489,0.5881615877151489,0.0
248,248,0.0,255.0,0.0,255.0,255.0,255.0,0248.png,20.0,5.0,255.0,0.0,0.0,210.0,570.0,0.6034731268882751,0.6034731268882751,0.6034731268882751,0.0
249,249,0.0,255.0,0.0,255.0,255.0,255.0,0249.png,20.0,6.0,255.0,0.0,0.0,150.0,330.0,0.3814683258533478,0.0,0.0,0.0
250,250,0.0,255.0,0.0,255.0,255.0,255.0,0250.png,20.0,7.0,255.0,0.0,0.0,30.0,510.0,0.45467135310173035,0.0,0.0,0.0
251,251,0.0,255.0,0.0,255.0,255.0,255.0,0251.png,20.0,8.0,255.0,0.0,0.0,30.0,330.0,0.0,0.0,0.0,0.0
252,252,0.0,255.0,0.0,0.0,0.0,255.0,0252.png,20.0,3.0,0.0,0.0,0.0,330.0,570.0,0.0,0.7154224514961243,0.7154224514961243,0.0
253,253,0.0,255.0,0.0,0.0,0.0,255.0,0253.png,20.0,4.0,0.0,0.0,0.0,210.0,330.0,0.0,0.0,0.0,0.0
254,254,0.0,255.0,0.0,0.0,0.0,255.0,0254.png,20.0,5.0,0.0,0.0,0.0,450.0,570.0,0.0,0.0,0.7438554763793945,0.7438554763793945
255,255,0.0,255.0,0.0,0.0,0.0,255.0,0255.png,20.0,6.0,0.0,0.0,0.0,510.0,330.0,0.0,0.0,0.0,0.0
256,256,0.0,255.0,0.0,0.0,0.0,255.0,0256.png,20.0,7.0,0.0,0.0,0.0,390.0,90.0,0.0720609575510025,0.0720609575510025,0.0720609575510025,0.0
257,257,0.0,255.0,0.0,0.0,0.0,255.0,0257.png,20.0,8.0,0.0,0.0,0.0,210.0,210.0,0.0,0.0,0.0,0.0
258,258,0.0,255.0,0.0,0.0,0.0,255.0,0258.png,20.0,3.0,255.0,255.0,255.0,330.0,570.0,0.0,0.0,0.0,0.0
259,259,0.0,255.0,0.0,0.0,0.0,255.0,0259.png,20.0,4.0,255.0,255.0,255.0,510.0,450.0,0.0,0.0,0.0,0.0
260,260,0.0,255.0,0.0,0.0,0.0,255.0,0260.png,20.0,5.0,255.0,255.0,255.0,510.0,90.0,0.0,0.0,0.0,0.0
261,261,0.0,255.0,0.0,0.0,0.0,255.0,0261.png,20.0,6.0,255.0,255.0,255.0,450.0,270.0,0.0,0.0,0.0,0.0
262,262,0.0,255.0,0.0,0.0,0.0,255.0,0262.png,20.0,7.0,255.0,255.0,255.0,90.0,330.0,0.05537945032119751,0.05537945032119751,0.05537945032119751,0.05537945032119751
263,263,0.0,255.0,0.0,0.0,0.0,255.0,0263.png,20.0,8.0,255.0,255.0,255.0,390.0,450.0,0.0,0.37321949005126953,0.0,0.0
264,264,0.0,255.0,0.0,0.0,0.0,255.0,0264.png,20.0,3.0,255.0,0.0,0.0,270.0,90.0,0.0,0.5270044803619385,0.0,0.0
265,265,0.0,255.0,0.0,0.0,0.0,255.0,0265.png,20.0,4.0,255.0,0.0,0.0,390.0,330.0,0.0,0.0,0.0,0.0
266,266,0.0,255.0,0.0,0.0,0.0,255.0,0266.png,20.0,5.0,255.0,0.0,0.0,570.0,510.0,0.0,0.0,0.0,0.0
267,267,0.0,255.0,0.0,0.0,0.0,255.0,0267.png,20.0,6.0,255.0,0.0,0.0,450.0,510.0,0.0,0.0,0.0,0.0
268,268,0.0,255.0,0.0,0.0,0.0,255.0,0268.png,20.0,7.0,255.0,0.0,0.0,90.0,450.0,0.0,0.0,0.0,0.0
269,269,0.0,255.0,0.0,0.0,0.0,255.0,0269.png,20.0,8.0,255.0,0.0,0.0,30.0,330.0,0.0,0.0,0.0,0.0
270,270,0.0,255.0,0.0,255.0,0.0,0.0,0270.png,20.0,3.0,0.0,0.0,0.0,90.0,270.0,0.0,0.0,0.0,0.0
271,271,0.0,255.0,0.0,255.0,0.0,0.0,0271.png,20.0,4.0,0.0,0.0,0.0,30.0,270.0,0.0,0.0,0.0,0.0
272,272,0.0,255.0,0.0,255.0,0.0,0.0,0272.png,20.0,5.0,0.0,0.0,0.0,30.0,150.0,0.0,0.0,0.0,0.014161302708089352
273,273,0.0,255.0,0.0,255.0,0.0,0.0,0273.png,20.0,6.0,0.0,0.0,0.0,90.0,510.0,0.007621278520673513,0.0,0.0,0.0
274,274,0.0,255.0,0.0,255.0,0.0,0.0,0274.png,20.0,7.0,0.0,0.0,0.0,570.0,210.0,0.0,0.0,0.0,0.23227331042289734
275,275,0.0,255.0,0.0,255.0,0.0,0.0,0275.png,20.0,8.0,0.0,0.0,0.0,390.0,210.0,0.4770812392234802,0.0,0.0,0.0
276,276,0.0,255.0,0.0,255.0,0.0,0.0,0276.png,20.0,3.0,255.0,255.0,255.0,330.0,90.0,0.0,0.0,0.0,0.0
277,277,0.0,255.0,0.0,255.0,0.0,0.0,0277.png,20.0,4.0,255.0,255.0,255.0,510.0,510.0,0.0,0.0,0.0,0.0
278,278,0.0,255.0,0.0,255.0,0.0,0.0,0278.png,20.0,5.0,255.0,255.0,255.0,90.0,510.0,0.0,0.0,0.0,0.0
279,279,0.0,255.0,0.0,255.0,0.0,0.0,0279.png,20.0,6.0,255.0,255.0,255.0,210.0,390.0,0.0,0.0,0.0,0.0
280,280,0.0,255.0,0.0,255.0,0.0,0.0,0280.png,20.0,7.0,255.0,255.0,255.0,570.0,390.0,0.0,0.0,0.0,0.0
281,281,0.0,255.0,0.0,255.0,0.0,0.0,0281.png,20.0,8.0,255.0,255.0,255.0,270.0,390.0,0.0,0.0,0.0,0.0
282,282,0.0,255.0,0.0,255.0,0.0,0.0,0282.png,20.0,3.0,0.0,0.0,255.0,90.0,510.0,0.0,0.0,0.0,0.0
283,283,0.0,255.0,0.0,255.0,0.0,0.0,0283.png,20.0,4.0,0.0,0.0,255.0,330.0,330.0,0.0,0.0,0.0,0.0
284,284,0.0,255.0,0.0,255.0,0.0,0.0,0284.png,20.0,5.0,0.0,0.0,255.0,390.0,90.0,0.500974178314209,0.0,0.0,0.0
285,285,0.0,255.0,0.0,255.0,0.0,0.0,0285.png,20.0,6.0,0.0,0.0,255.0,570.0,90.0,0.0,0.0,0.0,0.0
286,286,0.0,255.0,0.0,255.0,0.0,0.0,0286.png,20.0,7.0,0.0,0.0,255.0,150.0,270.0,0.5334041714668274,0.0,0.0,0.0
287,287,0.0,255.0,0.0,255.0,0.0,0.0,0287.png,20.0,8.0,0.0,0.0,255.0,150.0,570.0,0.6359996795654297,0.0,0.0,0.0
288,288,255.0,0.0,0.0,0.0,0.0,0.0,0288.png,20.0,3.0,255.0,255.0,255.0,210.0,150.0,0.4603797197341919,0.0,0.0,0.0
289,289,255.0,0.0,0.0,0.0,0.0,0.0,0289.png,20.0,4.0,255.0,255.0,255.0,90.0,90.0,0.4827047884464264,0.0,0.0,0.0
290,290,255.0,0.0,0.0,0.0,0.0,0.0,0290.png,20.0,5.0,255.0,255.0,255.0,450.0,30.0,0.45215827226638794,0.0,0.0,0.0
291,291,255.0,0.0,0.0,0.0,0.0,0.0,0291.png,20.0,6.0,255.0,255.0,255.0,450.0,30.0,0.452048122882843,0.0,0.0,0.0
292,292,255.0,0.0,0.0,0.0,0.0,0.0,0292.png,20.0,7.0,255.0,255.0,255.0,450.0,390.0,0.5108107924461365,0.0,0.0,0.0
293,293,255.0,0.0,0.0,0.0,0.0,0.0,0293.png,20.0,8.0,255.0,255.0,255.0,570.0,150.0,0.1596875786781311,0.1596875786781311,0.1596875786781311,0.1596875786781311
294,294,255.0,0.0,0.0,0.0,0.0,0.0,0294.png,20.0,3.0,0.0,0.0,255.0,210.0,330.0,0.5445409417152405,0.5445409417152405,0.0,0.0
295,295,255.0,0.0,0.0,0.0,0.0,0.0,0295.png,20.0,4.0,0.0,0.0,255.0,450.0,510.0,0.4589971601963043,0.0,0.0,0.0
296,296,255.0,0.0,0.0,0.0,0.0,0.0,0296.png,20.0,5.0,0.0,0.0,255.0,450.0,30.0,0.5284866094589233,0.5284866094589233,0.5284866094589233,0.0
297,297,255.0,0.0,0.0,0.0,0.0,0.0,0297.png,20.0,6.0,0.0,0.0,255.0,330.0,570.0,0.48052114248275757,0.0,0.0,0.0
298,298,255.0,0.0,0.0,0.0,0.0,0.0,0298.png,20.0,7.0,0.0,0.0,255.0,30.0,570.0,0.5148600339889526,0.0,0.0,0.0
299,299,255.0,0.0,0.0,0.0,0.0,0.0,0299.png,20.0,8.0,0.0,0.0,255.0,150.0,330.0,0.4749107360839844,0.0,0.0,0.0
300,300,255.0,0.0,0.0,0.0,0.0,0.0,0300.png,20.0,3.0,0.0,255.0,0.0,390.0,450.0,0.5341136455535889,0.5341136455535889,0.0,0.0
301,301,255.0,0.0,0.0,0.0,0.0,0.0,0301.png,20.0,4.0,0.0,255.0,0.0,270.0,30.0,0.44539135694503784,0.44539135694503784,0.44539135694503784,0.0
302,302,255.0,0.0,0.0,0.0,0.0,0.0,0302.png,20.0,5.0,0.0,255.0,0.0,510.0,270.0,0.5979802012443542,0.5979802012443542,0.0,0.0
303,303,255.0,0.0,0.0,0.0,0.0,0.0,0303.png,20.0,6.0,0.0,255.0,0.0,30.0,270.0,0.47048458456993103,0.47048458456993103,0.0,0.0
304,304,255.0,0.0,0.0,0.0,0.0,0.0,0304.png,20.0,7.0,0.0,255.0,0.0,570.0,90.0,0.41791442036628723,0.41791442036628723,0.0,0.0
305,305,255.0,0.0,0.0,0.0,0.0,0.0,0305.png,20.0,8.0,0.0,255.0,0.0,390.0,570.0,0.49047422409057617,0.49047422409057617,0.49047422409057617,0.49047422409057617
306,306,255.0,0.0,0.0,255.0,255.0,255.0,0306.png,20.0,3.0,0.0,0.0,0.0,330.0,570.0,0.0,0.0,0.0,0.0
307,307,255.0,0.0,0.0,255.0,255.0,255.0,0307.png,20.0,4.0,0.0,0.0,0.0,390.0,570.0,0.0,0.0,0.524160623550415,0.0
308,308,255.0,0.0,0.0,255.0,255.0,255.0,0308.png,20.0,5.0,0.0,0.0,0.0,90.0,90.0,0.0,0.0,0.0,0.0
309,309,255.0,0.0,0.0,255.0,255.0,255.0,0309.png,20.0,6.0,0.0,0.0,0.0,150.0,330.0,0.0,0.0,0.0,0.0
310,310,255.0,0.0,0.0,255.0,255.0,255.0,0310.png,20.0,7.0,0.0,0.0,0.0,450.0,90.0,0.0,0.6036916971206665,0.6036916971206665,0.0
311,311,255.0,0.0,0.0,255.0,255.0,255.0,0311.png,20.0,8.0,0.0,0.0,0.0,150.0,510.0,0.0,0.0,0.0,0.0
312,312,255.0,0.0,0.0,255.0,255.0,255.0,0312.png,20.0,3.0,0.0,0.0,255.0,90.0,330.0,0.5386197566986084,0.0,0.0,0.0
313,313,255.0,0.0,0.0,255.0,255.0,255.0,0313.png,20.0,4.0,0.0,0.0,255.0,390.0,390.0,0.0,0.0,0.0,0.0
314,314,255.0,0.0,0.0,255.0,255.0,255.0,0314.png,20.0,5.0,0.0,0.0,255.0,150.0,150.0,0.5005483627319336,0.0,0.0,0.0
315,315,255.0,0.0,0.0,255.0,255.0,255.0,0315.png,20.0,6.0,0.0,0.0,255.0,90.0,270.0,0.5159655809402466,0.0,0.0,0.0
316,316,255.0,0.0,0.0,255.0,255.0,255.0,0316.png,20.0,7.0,0.0,0.0,255.0,510.0,450.0,0.0,0.0,0.0,0.0
317,317,255.0,0.0,0.0,255.0,255.0,255.0,0317.png,20.0,8.0,0.0,0.0,255.0,270.0,390.0,0.0,0.0,0.0,0.0
318,318,255.0,0.0,0.0,255.0,255.0,255.0,0318.png,20.0,3.0,0.0,255.0,0.0,570.0,90.0,0.40742459893226624,0.0,0.0,0.0
319,319,255.0,0.0,0.0,255.0,255.0,255.0,0319.png,20.0,4.0,0.0,255.0,0.0,510.0,510.0,0.3791279196739197,0.0,0.0,0.0
320,320,255.0,0.0,0.0,255.0,255.0,255.0,0320.png,20.0,5.0,0.0,255.0,0.0,210.0,390.0,0.4736848771572113,0.4736848771572113,0.0,0.0
321,321,255.0,0.0,0.0,255.0,255.0,255.0,0321.png,20.0,6.0,0.0,255.0,0.0,570.0,510.0,0.0,0.2884266972541809,0.0,0.0
322,322,255.0,0.0,0.0,255.0,255.0,255.0,0322.png,20.0,7.0,0.0,255.0,0.0,30.0,390.0,0.0,0.0,0.0,0.0
323,323,255.0,0.0,0.0,255.0,255.0,255.0,0323.png,20.0,8.0,0.0,255.0,0.0,270.0,450.0,0.4952596127986908,0.0,0.0,0.0
324,324,255.0,0.0,0.0,0.0,0.0,255.0,0324.png,20.0,3.0,0.0,0.0,0.0,90.0,510.0,0.0,0.0,0.0,0.0
325,325,255.0,0.0,0.0,0.0,0.0,255.0,0325.png,20.0,4.0,0.0,0.0,0.0,510.0,270.0,0.0,0.0,0.3427133858203888,0.3427133858203888
326,326,255.0,0.0,0.0,0.0,0.0,255.0,0326.png,20.0,5.0,0.0,0.0,0.0,570.0,450.0,0.0,0.0,0.26918521523475647,0.26918521523475647
327,327,255.0,0.0,0.0,0.0,0.0,255.0,0327.png,20.0,6.0,0.0,0.0,0.0,90.0,390.0,0.0,0.0,0.0,0.0
328,328,255.0,0.0,0.0,0.0,0.0,255.0,0328.png,20.0,7.0,0.0,0.0,0.0,90.0,30.0,0.07257071882486343,0.07257071882486343,0.07257071882486343,0.07257071882486343
329,329,255.0,0.0,0.0,0.0,0.0,255.0,0329.png,20.0,8.0,0.0,0.0,0.0,270.0,330.0,0.0,0.0,0.0,0.0
330,330,255.0,0.0,0.0,0.0,0.0,255.0,0330.png,20.0,3.0,255.0,255.0,255.0,450.0,570.0,0.4567018747329712,0.0,0.0,0.0
331,331,255.0,0.0,0.0,0.0,0.0,255.0,0331.png,20.0,4.0,255.0,255.0,255.0,390.0,150.0,0.0,0.0,0.0,0.0
332,332,255.0,0.0,0.0,0.0,0.0,255.0,0332.png,20.0,5.0,255.0,255.0,255.0,570.0,510.0,0.0,0.2713513970375061,0.2713513970375061,0.2713513970375061
333,333,255.0,0.0,0.0,0.0,0.0,255.0,0333.png,20.0,6.0,255.0,255.0,255.0,210.0,330.0,0.12687282264232635,0.12687282264232635,0.12687282264232635,0.12687282264232635
334,334,255.0,0.0,0.0,0.0,0.0,255.0,0334.png,20.0,7.0,255.0,255.0,255.0,450.0,150.0,0.001637922483496368,0.001637922483496368,0.001637922483496368,0.001637922483496368
335,335,255.0,0.0,0.0,0.0,0.0,255.0,0335.png,20.0,8.0,255.0,255.0,255.0,390.0,450.0,0.4862788915634155,0.0,0.0,0.0
336,336,255.0,0.0,0.0,0.0,0.0,255.0,0336.png,20.0,3.0,0.0,255.0,0.0,90.0,30.0,0.47667497396469116,0.0,0.0,0.0
337,337,255.0,0.0,0.0,0.0,0.0,255.0,0337.png,20.0,4.0,0.0,255.0,0.0,150.0,90.0,0.4967404305934906,0.0,0.0,0.0
338,338,255.0,0.0,0.0,0.0,0.0,255.0,0338.png,20.0,5.0,0.0,255.0,0.0,90.0,270.0,0.5953840017318726,0.5953840017318726,0.0,0.0
339,339,255.0,0.0,0.0,0.0,0.0,255.0,0339.png,20.0,6.0,0.0,255.0,0.0,90.0,390.0,0.467607319355011,0.467607319355011,0.467607319355011,0.0
340,340,255.0,0.0,0.0,0.0,0.0,255.0,0340.png,20.0,7.0,0.0,255.0,0.0,30.0,270.0,0.19868962466716766,0.19868962466716766,0.0,0.19868962466716766
341,341,255.0,0.0,0.0,0.0,0.0,255.0,0341.png,20.0,8.0,0.0,255.0,0.0,510.0,570.0,0.463146448135376,0.0,0.0,0.0
342,342,255.0,0.0,0.0,0.0,255.0,0.0,0342.png,20.0,3.0,0.0,0.0,0.0,270.0,30.0,0.0,0.0,0.0,0.0
343,343,255.0,0.0,0.0,0.0,255.0,0.0,0343.png,20.0,4.0,0.0,0.0,0.0,150.0,510.0,0.0,0.0,0.05070379003882408,0.0
344,344,255.0,0.0,0.0,0.0,255.0,0.0,0344.png,20.0,5.0,0.0,0.0,0.0,510.0,450.0,0.4621941149234772,0.0,0.0,0.0
345,345,255.0,0.0,0.0,0.0,255.0,0.0,0345.png,20.0,6.0,0.0,0.0,0.0,90.0,30.0,0.4575270414352417,0.0,0.0,0.0
346,346,255.0,0.0,0.0,0.0,255.0,0.0,0346.png,20.0,7.0,0.0,0.0,0.0,30.0,150.0,0.0,0.0,0.0,0.0
347,347,255.0,0.0,0.0,0.0,255.0,0.0,0347.png,20.0,8.0,0.0,0.0,0.0,210.0,210.0,0.0,0.0,0.0,0.0
348,348,255.0,0.0,0.0,0.0,255.0,0.0,0348.png,20.0,3.0,255.0,255.0,255.0,450.0,30.0,0.0,0.0,0.0,0.0
349,349,255.0,0.0,0.0,0.0,255.0,0.0,0349.png,20.0,4.0,255.0,255.0,255.0,210.0,90.0,0.0,0.0,0.0,0.0
350,350,255.0,0.0,0.0,0.0,255.0,0.0,0350.png,20.0,5.0,255.0,255.0,255.0,150.0,90.0,0.0,0.5099403262138367,0.0,0.0
351,351,255.0,0.0,0.0,0.0,255.0,0.0,0351.png,20.0,6.0,255.0,255.0,255.0,30.0,390.0,0.31806886196136475,0.0,0.0,0.0
352,352,255.0,0.0,0.0,0.0,255.0,0.0,0352.png,20.0,7.0,255.0,255.0,255.0,570.0,150.0,0.2925649583339691,0.2925649583339691,0.2925649583339691,0.2925649583339691
353,353,255.0,0.0,0.0,0.0,255.0,0.0,0353.png,20.0,8.0,255.0,255.0,255.0,90.0,150.0,0.4656785726547241,0.0,0.0,0.0
354,354,255.0,0.0,0.0,0.0,255.0,0.0,0354.png,20.0,3.0,0.0,0.0,255.0,150.0,30.0,0.5604221820831299,0.0,0.0,0.0
355,355,255.0,0.0,0.0,0.0,255.0,0.0,0355.png,20.0,4.0,0.0,0.0,255.0,450.0,450.0,0.48152488470077515,0.0,0.0,0.0
356,356,255.0,0.0,0.0,0.0,255.0,0.0,0356.png,20.0,5.0,0.0,0.0,255.0,390.0,450.0,0.5373096466064453,0.0,0.5373096466064453,0.0
357,357,255.0,0.0,0.0,0.0,255.0,0.0,0357.png,20.0,6.0,0.0,0.0,255.0,390.0,30.0,0.5448874831199646,0.0,0.0,0.0
358,358,255.0,0.0,0.0,0.0,255.0,0.0,0358.png,20.0,7.0,0.0,0.0,255.0,150.0,270.0,0.4780137538909912,0.0,0.0,0.0
359,359,255.0,0.0,0.0,0.0,255.0,0.0,0359.png,20.0,8.0,0.0,0.0,255.0,570.0,330.0,0.4284113347530365,0.0,0.0,0.0
