,back_color_b,back_color_g,back_color_r,distractor_color_b,distractor_color_g,distractor_color_r,image_file_name,item_radius,num_item,target_color_b,target_color_g,target_color_r,target_x,target_y
0,0.0,0.0,0.0,255.0,255.0,255.0,0000.png,20.0,3.0,0.0,0.0,255.0,510.0,510.0
1,0.0,0.0,0.0,255.0,255.0,255.0,0001.png,20.0,4.0,0.0,0.0,255.0,510.0,90.0
2,0.0,0.0,0.0,255.0,255.0,255.0,0002.png,20.0,5.0,0.0,0.0,255.0,510.0,90.0
3,0.0,0.0,0.0,255.0,255.0,255.0,0003.png,20.0,6.0,0.0,0.0,255.0,570.0,390.0
4,0.0,0.0,0.0,255.0,255.0,255.0,0004.png,20.0,7.0,0.0,0.0,255.0,510.0,30.0
5,0.0,0.0,0.0,255.0,255.0,255.0,0005.png,20.0,8.0,0.0,0.0,255.0,210.0,510.0
6,0.0,0.0,0.0,255.0,255.0,255.0,0006.png,20.0,3.0,0.0,255.0,0.0,150.0,90.0
7,0.0,0.0,0.0,255.0,255.0,255.0,0007.png,20.0,4.0,0.0,255.0,0.0,330.0,330.0
8,0.0,0.0,0.0,255.0,255.0,255.0,0008.png,20.0,5.0,0.0,255.0,0.0,150.0,150.0
9,0.0,0.0,0.0,255.0,255.0,255.0,0009.png,20.0,6.0,0.0,255.0,0.0,30.0,270.0
10,0.0,0.0,0.0,255.0,255.0,255.0,0010.png,20.0,7.0,0.0,255.0,0.0,450.0,570.0
11,0.0,0.0,0.0,255.0,255.0,255.0,0011.png,20.0,8.0,0.0,255.0,0.0,270.0,390.0
12,0.0,0.0,0.0,255.0,255.0,255.0,0012.png,20.0,3.0,255.0,0.0,0.0,210.0,210.0
13,0.0,0.0,0.0,255.0,255.0,255.0,0013.png,20.0,4.0,255.0,0.0,0.0,210.0,570.0
14,0.0,0.0,0.0,255.0,255.0,255.0,0014.png,20.0,5.0,255.0,0.0,0.0,30.0,330.0
15,0.0,0.0,0.0,255.0,255.0,255.0,0015.png,20.0,6.0,255.0,0.0,0.0,90.0,30.0
16,0.0,0.0,0.0,255.0,255.0,255.0,0016.png,20.0,7.0,255.0,0.0,0.0,390.0,330.0
17,0.0,0.0,0.0,255.0,255.0,255.0,0017.png,20.0,8.0,255.0,0.0,0.0,90.0,390.0
18,0.0,0.0,0.0,0.0,0.0,255.0,0018.png,20.0,3.0,255.0,255.0,255.0,210.0,210.0
19,0.0,0.0,0.0,0.0,0.0,255.0,0019.png,20.0,4.0,255.0,255.0,255.0,330.0,270.0
20,0.0,0.0,0.0,0.0,0.0,255.0,0020.png,20.0,5.0,255.0,255.0,255.0,90.0,270.0
21,0.0,0.0,0.0,0.0,0.0,255.0,0021.png,20.0,6.0,255.0,255.0,255.0,510.0,390.0
22,0.0,0.0,0.0,0.0,0.0,255.0,0022.png,20.0,7.0,255.0,255.0,255.0,510.0,570.0
23,0.0,0.0,0.0,0.0,0.0,255.0,0023.png,20.0,8.0,255.0,255.0,255.0,30.0,90.0
24,0.0,0.0,0.0,0.0,0.0,255.0,0024.png,20.0,3.0,0.0,255.0,0.0,330.0,90.0
25,0.0,0.0,0.0,0.0,0.0,255.0,0025.png,20.0,4.0,0.0,255.0,0.0,330.0,450.0
26,0.0,0.0,0.0,0.0,0.0,255.0,0026.png,20.0,5.0,0.0,255.0,0.0,30.0,570.0
27,0.0,0.0,0.0,0.0,0.0,255.0,0027.png,20.0,6.0,0.0,255.0,0.0,30.0,510.0
28,0.0,0.0,0.0,0.0,0.0,255.0,0028.png,20.0,7.0,0.0,255.0,0.0,330.0,90.0
29,0.0,0.0,0.0,0.0,0.0,255.0,0029.png,20.0,8.0,0.0,255.0,0.0,510.0,90.0
30,0.0,0.0,0.0,0.0,0.0,255.0,0030.png,20.0,3.0,255.0,0.0,0.0,30.0,570.0
31,0.0,0.0,0.0,0.0,0.0,255.0,0031.png,20.0,4.0,255.0,0.0,0.0,390.0,30.0
32,0.0,0.0,0.0,0.0,0.0,255.0,0032.png,20.0,5.0,255.0,0.0,0.0,270.0,450.0
33,0.0,0.0,0.0,0.0,0.0,255.0,0033.png,20.0,6.0,255.0,0.0,0.0,30.0,210.0
34,0.0,0.0,0.0,0.0,0.0,255.0,0034.png,20.0,7.0,255.0,0.0,0.0,330.0,270.0
35,0.0,0.0,0.0,0.0,0.0,255.0,0035.png,20.0,8.0,255.0,0.0,0.0,210.0,90.0
36,0.0,0.0,0.0,0.0,255.0,0.0,0036.png,20.0,3.0,255.0,255.0,255.0,90.0,510.0
37,0.0,0.0,0.0,0.0,255.0,0.0,0037.png,20.0,4.0,255.0,255.0,255.0,210.0,150.0
38,0.0,0.0,0.0,0.0,255.0,0.0,0038.png,20.0,5.0,255.0,255.0,255.0,90.0,150.0
39,0.0,0.0,0.0,0.0,255.0,0.0,0039.png,20.0,6.0,255.0,255.0,255.0,30.0,450.0
40,0.0,0.0,0.0,0.0,255.0,0.0,0040.png,20.0,7.0,255.0,255.0,255.0,270.0,330.0
41,0.0,0.0,0.0,0.0,255.0,0.0,0041.png,20.0,8.0,255.0,255.0,255.0,510.0,210.0
42,0.0,0.0,0.0,0.0,255.0,0.0,0042.png,20.0,3.0,0.0,0.0,255.0,30.0,90.0
43,0.0,0.0,0.0,0.0,255.0,0.0,0043.png,20.0,4.0,0.0,0.0,255.0,570.0,270.0
44,0.0,0.0,0.0,0.0,255.0,0.0,0044.png,20.0,5.0,0.0,0.0,255.0,510.0,90.0
45,0.0,0.0,0.0,0.0,255.0,0.0,0045.png,20.0,6.0,0.0,0.0,255.0,330.0,270.0
46,0.0,0.0,0.0,0.0,255.0,0.0,0046.png,20.0,7.0,0.0,0.0,255.0,30.0,390.0
47,0.0,0.0,0.0,0.0,255.0,0.0,0047.png,20.0,8.0,0.0,0.0,255.0,330.0,150.0
48,0.0,0.0,0.0,0.0,255.0,0.0,0048.png,20.0,3.0,255.0,0.0,0.0,210.0,210.0
49,0.0,0.0,0.0,0.0,255.0,0.0,0049.png,20.0,4.0,255.0,0.0,0.0,390.0,330.0
50,0.0,0.0,0.0,0.0,255.0,0.0,0050.png,20.0,5.0,255.0,0.0,0.0,210.0,270.0
51,0.0,0.0,0.0,0.0,255.0,0.0,0051.png,20.0,6.0,255.0,0.0,0.0,30.0,90.0
52,0.0,0.0,0.0,0.0,255.0,0.0,0052.png,20.0,7.0,255.0,0.0,0.0,330.0,30.0
53,0.0,0.0,0.0,0.0,255.0,0.0,0053.png,20.0,8.0,255.0,0.0,0.0,390.0,450.0
54,0.0,0.0,0.0,255.0,0.0,0.0,0054.png,20.0,3.0,255.0,255.0,255.0,90.0,90.0
55,0.0,0.0,0.0,255.0,0.0,0.0,0055.png,20.0,4.0,255.0,255.0,255.0,330.0,30.0
56,0.0,0.0,0.0,255.0,0.0,0.0,0056.png,20.0,5.0,255.0,255.0,255.0,30.0,30.0
57,0.0,0.0,0.0,255.0,0.0,0.0,0057.png,20.0,6.0,255.0,255.0,255.0,330.0,90.0
58,0.0,0.0,0.0,255.0,0.0,0.0,0058.png,20.0,7.0,255.0,255.0,255.0,210.0,210.0
59,0.0,0.0,0.0,255.0,0.0,0.0,0059.png,20.0,8.0,255.0,255.0,255.0,390.0,150.0
60,0.0,0.0,0.0,255.0,0.0,0.0,0060.png,20.0,3.0,0.0,0.0,255.0,510.0,90.0
61,0.0,0.0,0.0,255.0,0.0,0.0,0061.png,20.0,4.0,0.0,0.0,255.0,90.0,210.0
62,0.0,0.0,0.0,255.0,0.0,0.0,0062.png,20.0,5.0,0.0,0.0,255.0,570.0,330.0
63,0.0,0.0,0.0,255.0,0.0,0.0,0063.png,20.0,6.0,0.0,0.0,255.0,330.0,30.0
64,0.0,0.0,0.0,255.0,0.0,0.0,0064.png,20.0,7.0,0.0,0.0,255.0,450.0,570.0
65,0.0,0.0,0.0,255.0,0.0,0.0,0065.png,20.0,8.0,0.0,0.0,255.0,450.0,510.0
66,0.0,0.0,0.0,255.0,0.0,0.0,0066.png,20.0,3.0,0.0,255.0,0.0,570.0,150.0
67,0.0,0.0,0.0,255.0,0.0,0.0,0067.png,20.0,4.0,0.0,255.0,0.0,90.0,570.0
68,0.0,0.0,0.0,255.0,0.0,0.0,0068.png,20.0,5.0,0.0,255.0,0.0,330.0,390.0
69,0.0,0.0,0.0,255.0,0.0,0.0,0069.png,20.0,6.0,0.0,255.0,0.0,150.0,210.0
70,0.0,0.0,0.0,255.0,0.0,0.0,0070.png,20.0,7.0,0.0,255.0,0.0,270.0,270.0
71,0.0,0.0,0.0,255.0,0.0,0.0,0071.png,20.0,8.0,0.0,255.0,0.0,450.0,330.0
72,255.0,255.0,255.0,0.0,0.0,0.0,0072.png,20.0,3.0,0.0,0.0,255.0,270.0,570.0
73,255.0,255.0,255.0,0.0,0.0,0.0,0073.png,20.0,4.0,0.0,0.0,255.0,330.0,210.0
74,255.0,255.0,255.0,0.0,0.0,0.0,0074.png,20.0,5.0,0.0,0.0,255.0,570.0,450.0
75,255.0,255.0,255.0,0.0,0.0,0.0,0075.png,20.0,6.0,0.0,0.0,255.0,30.0,30.0
76,255.0,255.0,255.0,0.0,0.0,0.0,0076.png,20.0,7.0,0.0,0.0,255.0,330.0,510.0
77,255.0,255.0,255.0,0.0,0.0,0.0,0077.png,20.0,8.0,0.0,0.0,255.0,210.0,570.0
78,255.0,255.0,255.0,0.0,0.0,0.0,0078.png,20.0,3.0,0.0,255.0,0.0,270.0,90.0
79,255.0,255.0,255.0,0.0,0.0,0.0,0079.png,20.0,4.0,0.0,255.0,0.0,90.0,210.0
80,255.0,255.0,255.0,0.0,0.0,0.0,0080.png,20.0,5.0,0.0,255.0,0.0,270.0,30.0
81,255.0,255.0,255.0,0.0,0.0,0.0,0081.png,20.0,6.0,0.0,255.0,0.0,450.0,510.0
82,255.0,255.0,255.0,0.0,0.0,0.0,0082.png,20.0,7.0,0.0,255.0,0.0,210.0,390.0
83,255.0,255.0,255.0,0.0,0.0,0.0,0083.png,20.0,8.0,0.0,255.0,0.0,90.0,510.0
84,255.0,255.0,255.0,0.0,0.0,0.0,0084.png,20.0,3.0,255.0,0.0,0.0,450.0,450.0
85,255.0,255.0,255.0,0.0,0.0,0.0,0085.png,20.0,4.0,255.0,0.0,0.0,390.0,270.0
86,255.0,255.0,255.0,0.0,0.0,0.0,0086.png,20.0,5.0,255.0,0.0,0.0,30.0,270.0
87,255.0,255.0,255.0,0.0,0.0,0.0,0087.png,20.0,6.0,255.0,0.0,0.0,270.0,210.0
88,255.0,255.0,255.0,0.0,0.0,0.0,0088.png,20.0,7.0,255.0,0.0,0.0,90.0,90.0
89,255.0,255.0,255.0,0.0,0.0,0.0,0089.png,20.0,8.0,255.0,0.0,0.0,330.0,90.0
90,255.0,255.0,255.0,0.0,0.0,255.0,0090.png,20.0,3.0,0.0,0.0,0.0,30.0,570.0
91,255.0,255.0,255.0,0.0,0.0,255.0,0091.png,20.0,4.0,0.0,0.0,0.0,210.0,210.0
92,255.0,255.0,255.0,0.0,0.0,255.0,0092.png,20.0,5.0,0.0,0.0,0.0,330.0,510.0
93,255.0,255.0,255.0,0.0,0.0,255.0,0093.png,20.0,6.0,0.0,0.0,0.0,270.0,510.0
94,255.0,255.0,255.0,0.0,0.0,255.0,0094.png,20.0,7.0,0.0,0.0,0.0,570.0,390.0
95,255.0,255.0,255.0,0.0,0.0,255.0,0095.png,20.0,8.0,0.0,0.0,0.0,210.0,210.0
96,255.0,255.0,255.0,0.0,0.0,255.0,0096.png,20.0,3.0,0.0,255.0,0.0,270.0,510.0
97,255.0,255.0,255.0,0.0,0.0,255.0,0097.png,20.0,4.0,0.0,255.0,0.0,90.0,210.0
98,255.0,255.0,255.0,0.0,0.0,255.0,0098.png,20.0,5.0,0.0,255.0,0.0,270.0,510.0
99,255.0,255.0,255.0,0.0,0.0,255.0,0099.png,20.0,6.0,0.0,255.0,0.0,270.0,450.0
100,255.0,255.0,255.0,0.0,0.0,255.0,0100.png,20.0,7.0,0.0,255.0,0.0,210.0,330.0
101,255.0,255.0,255.0,0.0,0.0,255.0,0101.png,20.0,8.0,0.0,255.0,0.0,270.0,330.0
102,255.0,255.0,255.0,0.0,0.0,255.0,0102.png,20.0,3.0,255.0,0.0,0.0,330.0,570.0
103,255.0,255.0,255.0,0.0,0.0,255.0,0103.png,20.0,4.0,255.0,0.0,0.0,150.0,390.0
104,255.0,255.0,255.0,0.0,0.0,255.0,0104.png,20.0,5.0,255.0,0.0,0.0,270.0,270.0
105,255.0,255.0,255.0,0.0,0.0,255.0,0105.png,20.0,6.0,255.0,0.0,0.0,390.0,270.0
106,255.0,255.0,255.0,0.0,0.0,255.0,0106.png,20.0,7.0,255.0,0.0,0.0,90.0,390.0
107,255.0,255.0,255.0,0.0,0.0,255.0,0107.png,20.0,8.0,255.0,0.0,0.0,330.0,390.0
108,255.0,255.0,255.0,0.0,255.0,0.0,0108.png,20.0,3.0,0.0,0.0,0.0,330.0,30.0
109,255.0,255.0,255.0,0.0,255.0,0.0,0109.png,20.0,4.0,0.0,0.0,0.0,270.0,30.0
110,255.0,255.0,255.0,0.0,255.0,0.0,0110.png,20.0,5.0,0.0,0.0,0.0,90.0,390.0
111,255.0,255.0,255.0,0.0,255.0,0.0,0111.png,20.0,6.0,0.0,0.0,0.0,270.0,270.0
112,255.0,255.0,255.0,0.0,255.0,0.0,0112.png,20.0,7.0,0.0,0.0,0.0,450.0,450.0
113,255.0,255.0,255.0,0.0,255.0,0.0,0113.png,20.0,8.0,0.0,0.0,0.0,210.0,210.0
114,255.0,255.0,255.0,0.0,255.0,0.0,0114.png,20.0,3.0,0.0,0.0,255.0,90.0,510.0
115,255.0,255.0,255.0,0.0,255.0,0.0,0115.png,20.0,4.0,0.0,0.0,255.0,210.0,390.0
116,255.0,255.0,255.0,0.0,255.0,0.0,0116.png,20.0,5.0,0.0,0.0,255.0,330.0,570.0
117,255.0,255.0,255.0,0.0,255.0,0.0,0117.png,20.0,6.0,0.0,0.0,255.0,510.0,450.0
118,255.0,255.0,255.0,0.0,255.0,0.0,0118.png,20.0,7.0,0.0,0.0,255.0,510.0,330.0
119,255.0,255.0,255.0,0.0,255.0,0.0,0119.png,20.0,8.0,0.0,0.0,255.0,570.0,450.0
120,255.0,255.0,255.0,0.0,255.0,0.0,0120.png,20.0,3.0,255.0,0.0,0.0,450.0,450.0
121,255.0,255.0,255.0,0.0,255.0,0.0,0121.png,20.0,4.0,255.0,0.0,0.0,210.0,570.0
122,255.0,255.0,255.0,0.0,255.0,0.0,0122.png,20.0,5.0,255.0,0.0,0.0,450.0,510.0
123,255.0,255.0,255.0,0.0,255.0,0.0,0123.png,20.0,6.0,255.0,0.0,0.0,570.0,150.0
124,255.0,255.0,255.0,0.0,255.0,0.0,0124.png,20.0,7.0,255.0,0.0,0.0,30.0,150.0
125,255.0,255.0,255.0,0.0,255.0,0.0,0125.png,20.0,8.0,255.0,0.0,0.0,270.0,330.0
126,255.0,255.0,255.0,255.0,0.0,0.0,0126.png,20.0,3.0,0.0,0.0,0.0,270.0,330.0
127,255.0,255.0,255.0,255.0,0.0,0.0,0127.png,20.0,4.0,0.0,0.0,0.0,390.0,330.0
128,255.0,255.0,255.0,255.0,0.0,0.0,0128.png,20.0,5.0,0.0,0.0,0.0,510.0,150.0
129,255.0,255.0,255.0,255.0,0.0,0.0,0129.png,20.0,6.0,0.0,0.0,0.0,390.0,90.0
130,255.0,255.0,255.0,255.0,0.0,0.0,0130.png,20.0,7.0,0.0,0.0,0.0,30.0,90.0
131,255.0,255.0,255.0,255.0,0.0,0.0,0131.png,20.0,8.0,0.0,0.0,0.0,390.0,210.0
132,255.0,255.0,255.0,255.0,0.0,0.0,0132.png,20.0,3.0,0.0,0.0,255.0,330.0,30.0
133,255.0,255.0,255.0,255.0,0.0,0.0,0133.png,20.0,4.0,0.0,0.0,255.0,510.0,270.0
134,255.0,255.0,255.0,255.0,0.0,0.0,0134.png,20.0,5.0,0.0,0.0,255.0,150.0,150.0
135,255.0,255.0,255.0,255.0,0.0,0.0,0135.png,20.0,6.0,0.0,0.0,255.0,570.0,210.0
136,255.0,255.0,255.0,255.0,0.0,0.0,0136.png,20.0,7.0,0.0,0.0,255.0,150.0,510.0
137,255.0,255.0,255.0,255.0,0.0,0.0,0137.png,20.0,8.0,0.0,0.0,255.0,450.0,90.0
138,255.0,255.0,255.0,255.0,0.0,0.0,0138.png,20.0,3.0,0.0,255.0,0.0,270.0,330.0
139,255.0,255.0,255.0,255.0,0.0,0.0,0139.png,20.0,4.0,0.0,255.0,0.0,390.0,450.0
140,255.0,255.0,255.0,255.0,0.0,0.0,0140.png,20.0,5.0,0.0,255.0,0.0,510.0,150.0
141,255.0,255.0,255.0,255.0,0.0,0.0,0141.png,20.0,6.0,0.0,255.0,0.0,510.0,150.0
142,255.0,255.0,255.0,255.0,0.0,0.0,0142.png,20.0,7.0,0.0,255.0,0.0,450.0,330.0
143,255.0,255.0,255.0,255.0,0.0,0.0,0143.png,20.0,8.0,0.0,255.0,0.0,30.0,150.0
144,0.0,0.0,255.0,0.0,0.0,0.0,0144.png,20.0,3.0,255.0,255.0,255.0,510.0,510.0
145,0.0,0.0,255.0,0.0,0.0,0.0,0145.png,20.0,4.0,255.0,255.0,255.0,330.0,510.0
146,0.0,0.0,255.0,0.0,0.0,0.0,0146.png,20.0,5.0,255.0,255.0,255.0,450.0,390.0
147,0.0,0.0,255.0,0.0,0.0,0.0,0147.png,20.0,6.0,255.0,255.0,255.0,30.0,390.0
148,0.0,0.0,255.0,0.0,0.0,0.0,0148.png,20.0,7.0,255.0,255.0,255.0,90.0,90.0
149,0.0,0.0,255.0,0.0,0.0,0.0,0149.png,20.0,8.0,255.0,255.0,255.0,570.0,570.0
150,0.0,0.0,255.0,0.0,0.0,0.0,0150.png,20.0,3.0,0.0,255.0,0.0,150.0,570.0
151,0.0,0.0,255.0,0.0,0.0,0.0,0151.png,20.0,4.0,0.0,255.0,0.0,510.0,210.0
152,0.0,0.0,255.0,0.0,0.0,0.0,0152.png,20.0,5.0,0.0,255.0,0.0,570.0,210.0
153,0.0,0.0,255.0,0.0,0.0,0.0,0153.png,20.0,6.0,0.0,255.0,0.0,450.0,390.0
154,0.0,0.0,255.0,0.0,0.0,0.0,0154.png,20.0,7.0,0.0,255.0,0.0,510.0,570.0
155,0.0,0.0,255.0,0.0,0.0,0.0,0155.png,20.0,8.0,0.0,255.0,0.0,450.0,90.0
156,0.0,0.0,255.0,0.0,0.0,0.0,0156.png,20.0,3.0,255.0,0.0,0.0,270.0,390.0
157,0.0,0.0,255.0,0.0,0.0,0.0,0157.png,20.0,4.0,255.0,0.0,0.0,30.0,390.0
158,0.0,0.0,255.0,0.0,0.0,0.0,0158.png,20.0,5.0,255.0,0.0,0.0,510.0,210.0
159,0.0,0.0,255.0,0.0,0.0,0.0,0159.png,20.0,6.0,255.0,0.0,0.0,90.0,510.0
160,0.0,0.0,255.0,0.0,0.0,0.0,0160.png,20.0,7.0,255.0,0.0,0.0,90.0,270.0
161,0.0,0.0,255.0,0.0,0.0,0.0,0161.png,20.0,8.0,255.0,0.0,0.0,450.0,210.0
162,0.0,0.0,255.0,255.0,255.0,255.0,0162.png,20.0,3.0,0.0,0.0,0.0,30.0,450.0
163,0.0,0.0,255.0,255.0,255.0,255.0,0163.png,20.0,4.0,0.0,0.0,0.0,510.0,90.0
164,0.0,0.0,255.0,255.0,255.0,255.0,0164.png,20.0,5.0,0.0,0.0,0.0,90.0,270.0
165,0.0,0.0,255.0,255.0,255.0,255.0,0165.png,20.0,6.0,0.0,0.0,0.0,30.0,390.0
166,0.0,0.0,255.0,255.0,255.0,255.0,0166.png,20.0,7.0,0.0,0.0,0.0,90.0,30.0
167,0.0,0.0,255.0,255.0,255.0,255.0,0167.png,20.0,8.0,0.0,0.0,0.0,210.0,450.0
168,0.0,0.0,255.0,255.0,255.0,255.0,0168.png,20.0,3.0,0.0,255.0,0.0,30.0,210.0
169,0.0,0.0,255.0,255.0,255.0,255.0,0169.png,20.0,4.0,0.0,255.0,0.0,150.0,210.0
170,0.0,0.0,255.0,255.0,255.0,255.0,0170.png,20.0,5.0,0.0,255.0,0.0,390.0,450.0
171,0.0,0.0,255.0,255.0,255.0,255.0,0171.png,20.0,6.0,0.0,255.0,0.0,90.0,510.0
172,0.0,0.0,255.0,255.0,255.0,255.0,0172.png,20.0,7.0,0.0,255.0,0.0,450.0,90.0
173,0.0,0.0,255.0,255.0,255.0,255.0,0173.png,20.0,8.0,0.0,255.0,0.0,270.0,210.0
174,0.0,0.0,255.0,255.0,255.0,255.0,0174.png,20.0,3.0,255.0,0.0,0.0,90.0,570.0
175,0.0,0.0,255.0,255.0,255.0,255.0,0175.png,20.0,4.0,255.0,0.0,0.0,30.0,390.0
176,0.0,0.0,255.0,255.0,255.0,255.0,0176.png,20.0,5.0,255.0,0.0,0.0,510.0,210.0
177,0.0,0.0,255.0,255.0,255.0,255.0,0177.png,20.0,6.0,255.0,0.0,0.0,330.0,270.0
178,0.0,0.0,255.0,255.0,255.0,255.0,0178.png,20.0,7.0,255.0,0.0,0.0,390.0,30.0
179,0.0,0.0,255.0,255.0,255.0,255.0,0179.png,20.0,8.0,255.0,0.0,0.0,270.0,330.0
180,0.0,0.0,255.0,0.0,255.0,0.0,0180.png,20.0,3.0,0.0,0.0,0.0,210.0,30.0
181,0.0,0.0,255.0,0.0,255.0,0.0,0181.png,20.0,4.0,0.0,0.0,0.0,150.0,150.0
182,0.0,0.0,255.0,0.0,255.0,0.0,0182.png,20.0,5.0,0.0,0.0,0.0,390.0,510.0
183,0.0,0.0,255.0,0.0,255.0,0.0,0183.png,20.0,6.0,0.0,0.0,0.0,150.0,270.0
184,0.0,0.0,255.0,0.0,255.0,0.0,0184.png,20.0,7.0,0.0,0.0,0.0,450.0,390.0
185,0.0,0.0,255.0,0.0,255.0,0.0,0185.png,20.0,8.0,0.0,0.0,0.0,570.0,570.0
186,0.0,0.0,255.0,0.0,255.0,0.0,0186.png,20.0,3.0,255.0,255.0,255.0,330.0,570.0
187,0.0,0.0,255.0,0.0,255.0,0.0,0187.png,20.0,4.0,255.0,255.0,255.0,450.0,330.0
188,0.0,0.0,255.0,0.0,255.0,0.0,0188.png,20.0,5.0,255.0,255.0,255.0,510.0,330.0
189,0.0,0.0,255.0,0.0,255.0,0.0,0189.png,20.0,6.0,255.0,255.0,255.0,510.0,390.0
190,0.0,0.0,255.0,0.0,255.0,0.0,0190.png,20.0,7.0,255.0,255.0,255.0,90.0,210.0
191,0.0,0.0,255.0,0.0,255.0,0.0,0191.png,20.0,8.0,255.0,255.0,255.0,450.0,570.0
192,0.0,0.0,255.0,0.0,255.0,0.0,0192.png,20.0,3.0,255.0,0.0,0.0,570.0,510.0
193,0.0,0.0,255.0,0.0,255.0,0.0,0193.png,20.0,4.0,255.0,0.0,0.0,450.0,30.0
194,0.0,0.0,255.0,0.0,255.0,0.0,0194.png,20.0,5.0,255.0,0.0,0.0,570.0,90.0
195,0.0,0.0,255.0,0.0,255.0,0.0,0195.png,20.0,6.0,255.0,0.0,0.0,570.0,570.0
196,0.0,0.0,255.0,0.0,255.0,0.0,0196.png,20.0,7.0,255.0,0.0,0.0,330.0,450.0
197,0.0,0.0,255.0,0.0,255.0,0.0,0197.png,20.0,8.0,255.0,0.0,0.0,210.0,390.0
198,0.0,0.0,255.0,255.0,0.0,0.0,0198.png,20.0,3.0,0.0,0.0,0.0,270.0,270.0
199,0.0,0.0,255.0,255.0,0.0,0.0,0199.png,20.0,4.0,0.0,0.0,0.0,330.0,90.0
200,0.0,0.0,255.0,255.0,0.0,0.0,0200.png,20.0,5.0,0.0,0.0,0.0,390.0,450.0
201,0.0,0.0,255.0,255.0,0.0,0.0,0201.png,20.0,6.0,0.0,0.0,0.0,30.0,30.0
202,0.0,0.0,255.0,255.0,0.0,0.0,0202.png,20.0,7.0,0.0,0.0,0.0,270.0,210.0
203,0.0,0.0,255.0,255.0,0.0,0.0,0203.png,20.0,8.0,0.0,0.0,0.0,210.0,330.0
204,0.0,0.0,255.0,255.0,0.0,0.0,0204.png,20.0,3.0,255.0,255.0,255.0,210.0,210.0
205,0.0,0.0,255.0,255.0,0.0,0.0,0205.png,20.0,4.0,255.0,255.0,255.0,150.0,150.0
206,0.0,0.0,255.0,255.0,0.0,0.0,0206.png,20.0,5.0,255.0,255.0,255.0,270.0,210.0
207,0.0,0.0,255.0,255.0,0.0,0.0,0207.png,20.0,6.0,255.0,255.0,255.0,330.0,270.0
208,0.0,0.0,255.0,255.0,0.0,0.0,0208.png,20.0,7.0,255.0,255.0,255.0,150.0,510.0
209,0.0,0.0,255.0,255.0,0.0,0.0,0209.png,20.0,8.0,255.0,255.0,255.0,90.0,390.0
210,0.0,0.0,255.0,255.0,0.0,0.0,0210.png,20.0,3.0,0.0,255.0,0.0,30.0,210.0
211,0.0,0.0,255.0,255.0,0.0,0.0,0211.png,20.0,4.0,0.0,255.0,0.0,270.0,570.0
212,0.0,0.0,255.0,255.0,0.0,0.0,0212.png,20.0,5.0,0.0,255.0,0.0,30.0,570.0
213,0.0,0.0,255.0,255.0,0.0,0.0,0213.png,20.0,6.0,0.0,255.0,0.0,510.0,270.0
214,0.0,0.0,255.0,255.0,0.0,0.0,0214.png,20.0,7.0,0.0,255.0,0.0,30.0,90.0
215,0.0,0.0,255.0,255.0,0.0,0.0,0215.png,20.0,8.0,0.0,255.0,0.0,150.0,570.0
216,0.0,255.0,0.0,0.0,0.0,0.0,0216.png,20.0,3.0,255.0,255.0,255.0,450.0,510.0
217,0.0,255.0,0.0,0.0,0.0,0.0,0217.png,20.0,4.0,255.0,255.0,255.0,210.0,90.0
218,0.0,255.0,0.0,0.0,0.0,0.0,0218.png,20.0,5.0,255.0,255.0,255.0,510.0,210.0
219,0.0,255.0,0.0,0.0,0.0,0.0,0219.png,20.0,6.0,255.0,255.0,255.0,30.0,90.0
220,0.0,255.0,0.0,0.0,0.0,0.0,0220.png,20.0,7.0,255.0,255.0,255.0,330.0,450.0
221,0.0,255.0,0.0,0.0,0.0,0.0,0221.png,20.0,8.0,255.0,255.0,255.0,150.0,270.0
222,0.0,255.0,0.0,0.0,0.0,0.0,0222.png,20.0,3.0,0.0,0.0,255.0,210.0,30.0
223,0.0,255.0,0.0,0.0,0.0,0.0,0223.png,20.0,4.0,0.0,0.0,255.0,270.0,330.0
224,0.0,255.0,0.0,0.0,0.0,0.0,0224.png,20.0,5.0,0.0,0.0,255.0,30.0,570.0
225,0.0,255.0,0.0,0.0,0.0,0.0,0225.png,20.0,6.0,0.0,0.0,255.0,330.0,510.0
226,0.0,255.0,0.0,0.0,0.0,0.0,0226.png,20.0,7.0,0.0,0.0,255.0,330.0,150.0
227,0.0,255.0,0.0,0.0,0.0,0.0,0227.png,20.0,8.0,0.0,0.0,255.0,90.0,30.0
228,0.0,255.0,0.0,0.0,0.0,0.0,0228.png,20.0,3.0,255.0,0.0,0.0,330.0,450.0
229,0.0,255.0,0.0,0.0,0.0,0.0,0229.png,20.0,4.0,255.0,0.0,0.0,150.0,330.0
230,0.0,255.0,0.0,0.0,0.0,0.0,0230.png,20.0,5.0,255.0,0.0,0.0,570.0,270.0
231,0.0,255.0,0.0,0.0,0.0,0.0,0231.png,20.0,6.0,255.0,0.0,0.0,450.0,570.0
232,0.0,255.0,0.0,0.0,0.0,0.0,0232.png,20.0,7.0,255.0,0.0,0.0,270.0,390.0
233,0.0,255.0,0.0,0.0,0.0,0.0,0233.png,20.0,8.0,255.0,0.0,0.0,30.0,90.0
234,0.0,255.0,0.0,255.0,255.0,255.0,0234.png,20.0,3.0,0.0,0.0,0.0,90.0,150.0
235,0.0,255.0,0.0,255.0,255.0,255.0,0235.png,20.0,4.0,0.0,0.0,0.0,510.0,570.0
236,0.0,255.0,0.0,255.0,255.0,255.0,0236.png,20.0,5.0,0.0,0.0,0.0,570.0,390.0
237,0.0,255.0,0.0,255.0,255.0,255.0,0237.png,20.0,6.0,0.0,0.0,0.0,30.0,150.0
238,0.0,255.0,0.0,255.0,255.0,255.0,0238.png,20.0,7.0,0.0,0.0,0.0,90.0,390.0
239,0.0,255.0,0.0,255.0,255.0,255.0,0239.png,20.0,8.0,0.0,0.0,0.0,270.0,330.0
240,0.0,255.0,0.0,255.0,255.0,255.0,0240.png,20.0,3.0,0.0,0.0,255.0,270.0,150.0
241,0.0,255.0,0.0,255.0,255.0,255.0,0241.png,20.0,4.0,0.0,0.0,255.0,90.0,510.0
242,0.0,255.0,0.0,255.0,255.0,255.0,0242.png,20.0,5.0,0.0,0.0,255.0,90.0,90.0
243,0.0,255.0,0.0,255.0,255.0,255.0,0243.png,20.0,6.0,0.0,0.0,255.0,570.0,210.0
244,0.0,255.0,0.0,255.0,255.0,255.0,0244.png,20.0,7.0,0.0,0.0,255.0,150.0,570.0
245,0.0,255.0,0.0,255.0,255.0,255.0,0245.png,20.0,8.0,0.0,0.0,255.0,510.0,210.0
246,0.0,255.0,0.0,255.0,255.0,255.0,0246.png,20.0,3.0,255.0,0.0,0.0,510.0,270.0
247,0.0,255.0,0.0,255.0,255.0,255.0,0247.png,20.0,4.0,255.0,0.0,0.0,510.0,510.0
248,0.0,255.0,0.0,255.0,255.0,255.0,0248.png,20.0,5.0,255.0,0.0,0.0,510.0,150.0
249,0.0,255.0,0.0,255.0,255.0,255.0,0249.png,20.0,6.0,255.0,0.0,0.0,150.0,510.0
250,0.0,255.0,0.0,255.0,255.0,255.0,0250.png,20.0,7.0,255.0,0.0,0.0,450.0,150.0
251,0.0,255.0,0.0,255.0,255.0,255.0,0251.png,20.0,8.0,255.0,0.0,0.0,450.0,390.0
252,0.0,255.0,0.0,0.0,0.0,255.0,0252.png,20.0,3.0,0.0,0.0,0.0,330.0,330.0
253,0.0,255.0,0.0,0.0,0.0,255.0,0253.png,20.0,4.0,0.0,0.0,0.0,270.0,390.0
254,0.0,255.0,0.0,0.0,0.0,255.0,0254.png,20.0,5.0,0.0,0.0,0.0,270.0,570.0
255,0.0,255.0,0.0,0.0,0.0,255.0,0255.png,20.0,6.0,0.0,0.0,0.0,450.0,570.0
256,0.0,255.0,0.0,0.0,0.0,255.0,0256.png,20.0,7.0,0.0,0.0,0.0,150.0,30.0
257,0.0,255.0,0.0,0.0,0.0,255.0,0257.png,20.0,8.0,0.0,0.0,0.0,330.0,90.0
258,0.0,255.0,0.0,0.0,0.0,255.0,0258.png,20.0,3.0,255.0,255.0,255.0,30.0,330.0
259,0.0,255.0,0.0,0.0,0.0,255.0,0259.png,20.0,4.0,255.0,255.0,255.0,30.0,30.0
260,0.0,255.0,0.0,0.0,0.0,255.0,0260.png,20.0,5.0,255.0,255.0,255.0,450.0,150.0
261,0.0,255.0,0.0,0.0,0.0,255.0,0261.png,20.0,6.0,255.0,255.0,255.0,510.0,450.0
262,0.0,255.0,0.0,0.0,0.0,255.0,0262.png,20.0,7.0,255.0,255.0,255.0,90.0,510.0
263,0.0,255.0,0.0,0.0,0.0,255.0,0263.png,20.0,8.0,255.0,255.0,255.0,210.0,330.0
264,0.0,255.0,0.0,0.0,0.0,255.0,0264.png,20.0,3.0,255.0,0.0,0.0,210.0,570.0
265,0.0,255.0,0.0,0.0,0.0,255.0,0265.png,20.0,4.0,255.0,0.0,0.0,90.0,270.0
266,0.0,255.0,0.0,0.0,0.0,255.0,0266.png,20.0,5.0,255.0,0.0,0.0,510.0,510.0
267,0.0,255.0,0.0,0.0,0.0,255.0,0267.png,20.0,6.0,255.0,0.0,0.0,210.0,90.0
268,0.0,255.0,0.0,0.0,0.0,255.0,0268.png,20.0,7.0,255.0,0.0,0.0,270.0,390.0
269,0.0,255.0,0.0,0.0,0.0,255.0,0269.png,20.0,8.0,255.0,0.0,0.0,570.0,330.0
270,0.0,255.0,0.0,255.0,0.0,0.0,0270.png,20.0,3.0,0.0,0.0,0.0,450.0,510.0
271,0.0,255.0,0.0,255.0,0.0,0.0,0271.png,20.0,4.0,0.0,0.0,0.0,450.0,210.0
272,0.0,255.0,0.0,255.0,0.0,0.0,0272.png,20.0,5.0,0.0,0.0,0.0,570.0,150.0
273,0.0,255.0,0.0,255.0,0.0,0.0,0273.png,20.0,6.0,0.0,0.0,0.0,390.0,570.0
274,0.0,255.0,0.0,255.0,0.0,0.0,0274.png,20.0,7.0,0.0,0.0,0.0,210.0,270.0
275,0.0,255.0,0.0,255.0,0.0,0.0,0275.png,20.0,8.0,0.0,0.0,0.0,270.0,270.0
276,0.0,255.0,0.0,255.0,0.0,0.0,0276.png,20.0,3.0,255.0,255.0,255.0,90.0,150.0
277,0.0,255.0,0.0,255.0,0.0,0.0,0277.png,20.0,4.0,255.0,255.0,255.0,90.0,90.0
278,0.0,255.0,0.0,255.0,0.0,0.0,0278.png,20.0,5.0,255.0,255.0,255.0,30.0,510.0
279,0.0,255.0,0.0,255.0,0.0,0.0,0279.png,20.0,6.0,255.0,255.0,255.0,90.0,390.0
280,0.0,255.0,0.0,255.0,0.0,0.0,0280.png,20.0,7.0,255.0,255.0,255.0,390.0,90.0
281,0.0,255.0,0.0,255.0,0.0,0.0,0281.png,20.0,8.0,255.0,255.0,255.0,570.0,30.0
282,0.0,255.0,0.0,255.0,0.0,0.0,0282.png,20.0,3.0,0.0,0.0,255.0,330.0,210.0
283,0.0,255.0,0.0,255.0,0.0,0.0,0283.png,20.0,4.0,0.0,0.0,255.0,30.0,390.0
284,0.0,255.0,0.0,255.0,0.0,0.0,0284.png,20.0,5.0,0.0,0.0,255.0,450.0,450.0
285,0.0,255.0,0.0,255.0,0.0,0.0,0285.png,20.0,6.0,0.0,0.0,255.0,270.0,390.0
286,0.0,255.0,0.0,255.0,0.0,0.0,0286.png,20.0,7.0,0.0,0.0,255.0,510.0,570.0
287,0.0,255.0,0.0,255.0,0.0,0.0,0287.png,20.0,8.0,0.0,0.0,255.0,510.0,210.0
288,255.0,0.0,0.0,0.0,0.0,0.0,0288.png,20.0,3.0,255.0,255.0,255.0,570.0,270.0
289,255.0,0.0,0.0,0.0,0.0,0.0,0289.png,20.0,4.0,255.0,255.0,255.0,30.0,450.0
290,255.0,0.0,0.0,0.0,0.0,0.0,0290.png,20.0,5.0,255.0,255.0,255.0,510.0,210.0
291,255.0,0.0,0.0,0.0,0.0,0.0,0291.png,20.0,6.0,255.0,255.0,255.0,450.0,570.0
292,255.0,0.0,0.0,0.0,0.0,0.0,0292.png,20.0,7.0,255.0,255.0,255.0,390.0,390.0
293,255.0,0.0,0.0,0.0,0.0,0.0,0293.png,20.0,8.0,255.0,255.0,255.0,450.0,270.0
294,255.0,0.0,0.0,0.0,0.0,0.0,0294.png,20.0,3.0,0.0,0.0,255.0,390.0,330.0
295,255.0,0.0,0.0,0.0,0.0,0.0,0295.png,20.0,4.0,0.0,0.0,255.0,510.0,210.0
296,255.0,0.0,0.0,0.0,0.0,0.0,0296.png,20.0,5.0,0.0,0.0,255.0,570.0,150.0
297,255.0,0.0,0.0,0.0,0.0,0.0,0297.png,20.0,6.0,0.0,0.0,255.0,510.0,390.0
298,255.0,0.0,0.0,0.0,0.0,0.0,0298.png,20.0,7.0,0.0,0.0,255.0,450.0,30.0
299,255.0,0.0,0.0,0.0,0.0,0.0,0299.png,20.0,8.0,0.0,0.0,255.0,330.0,150.0
300,255.0,0.0,0.0,0.0,0.0,0.0,0300.png,20.0,3.0,0.0,255.0,0.0,90.0,270.0
301,255.0,0.0,0.0,0.0,0.0,0.0,0301.png,20.0,4.0,0.0,255.0,0.0,270.0,210.0
302,255.0,0.0,0.0,0.0,0.0,0.0,0302.png,20.0,5.0,0.0,255.0,0.0,570.0,330.0
303,255.0,0.0,0.0,0.0,0.0,0.0,0303.png,20.0,6.0,0.0,255.0,0.0,210.0,270.0
304,255.0,0.0,0.0,0.0,0.0,0.0,0304.png,20.0,7.0,0.0,255.0,0.0,210.0,330.0
305,255.0,0.0,0.0,0.0,0.0,0.0,0305.png,20.0,8.0,0.0,255.0,0.0,330.0,210.0
306,255.0,0.0,0.0,255.0,255.0,255.0,0306.png,20.0,3.0,0.0,0.0,0.0,270.0,90.0
307,255.0,0.0,0.0,255.0,255.0,255.0,0307.png,20.0,4.0,0.0,0.0,0.0,570.0,270.0
308,255.0,0.0,0.0,255.0,255.0,255.0,0308.png,20.0,5.0,0.0,0.0,0.0,450.0,90.0
309,255.0,0.0,0.0,255.0,255.0,255.0,0309.png,20.0,6.0,0.0,0.0,0.0,90.0,210.0
310,255.0,0.0,0.0,255.0,255.0,255.0,0310.png,20.0,7.0,0.0,0.0,0.0,510.0,510.0
311,255.0,0.0,0.0,255.0,255.0,255.0,0311.png,20.0,8.0,0.0,0.0,0.0,330.0,510.0
312,255.0,0.0,0.0,255.0,255.0,255.0,0312.png,20.0,3.0,0.0,0.0,255.0,30.0,450.0
313,255.0,0.0,0.0,255.0,255.0,255.0,0313.png,20.0,4.0,0.0,0.0,255.0,570.0,450.0
314,255.0,0.0,0.0,255.0,255.0,255.0,0314.png,20.0,5.0,0.0,0.0,255.0,30.0,450.0
315,255.0,0.0,0.0,255.0,255.0,255.0,0315.png,20.0,6.0,0.0,0.0,255.0,510.0,330.0
316,255.0,0.0,0.0,255.0,255.0,255.0,0316.png,20.0,7.0,0.0,0.0,255.0,390.0,270.0
317,255.0,0.0,0.0,255.0,255.0,255.0,0317.png,20.0,8.0,0.0,0.0,255.0,210.0,390.0
318,255.0,0.0,0.0,255.0,255.0,255.0,0318.png,20.0,3.0,0.0,255.0,0.0,210.0,450.0
319,255.0,0.0,0.0,255.0,255.0,255.0,0319.png,20.0,4.0,0.0,255.0,0.0,570.0,510.0
320,255.0,0.0,0.0,255.0,255.0,255.0,0320.png,20.0,5.0,0.0,255.0,0.0,510.0,210.0
321,255.0,0.0,0.0,255.0,255.0,255.0,0321.png,20.0,6.0,0.0,255.0,0.0,270.0,270.0
322,255.0,0.0,0.0,255.0,255.0,255.0,0322.png,20.0,7.0,0.0,255.0,0.0,30.0,90.0
323,255.0,0.0,0.0,255.0,255.0,255.0,0323.png,20.0,8.0,0.0,255.0,0.0,510.0,210.0
324,255.0,0.0,0.0,0.0,0.0,255.0,0324.png,20.0,3.0,0.0,0.0,0.0,510.0,90.0
325,255.0,0.0,0.0,0.0,0.0,255.0,0325.png,20.0,4.0,0.0,0.0,0.0,510.0,450.0
326,255.0,0.0,0.0,0.0,0.0,255.0,0326.png,20.0,5.0,0.0,0.0,0.0,210.0,90.0
327,255.0,0.0,0.0,0.0,0.0,255.0,0327.png,20.0,6.0,0.0,0.0,0.0,90.0,150.0
328,255.0,0.0,0.0,0.0,0.0,255.0,0328.png,20.0,7.0,0.0,0.0,0.0,510.0,150.0
329,255.0,0.0,0.0,0.0,0.0,255.0,0329.png,20.0,8.0,0.0,0.0,0.0,150.0,150.0
330,255.0,0.0,0.0,0.0,0.0,255.0,0330.png,20.0,3.0,255.0,255.0,255.0,390.0,90.0
331,255.0,0.0,0.0,0.0,0.0,255.0,0331.png,20.0,4.0,255.0,255.0,255.0,90.0,510.0
332,255.0,0.0,0.0,0.0,0.0,255.0,0332.png,20.0,5.0,255.0,255.0,255.0,570.0,30.0
333,255.0,0.0,0.0,0.0,0.0,255.0,0333.png,20.0,6.0,255.0,255.0,255.0,330.0,210.0
334,255.0,0.0,0.0,0.0,0.0,255.0,0334.png,20.0,7.0,255.0,255.0,255.0,270.0,210.0
335,255.0,0.0,0.0,0.0,0.0,255.0,0335.png,20.0,8.0,255.0,255.0,255.0,30.0,30.0
336,255.0,0.0,0.0,0.0,0.0,255.0,0336.png,20.0,3.0,0.0,255.0,0.0,330.0,330.0
337,255.0,0.0,0.0,0.0,0.0,255.0,0337.png,20.0,4.0,0.0,255.0,0.0,150.0,510.0
338,255.0,0.0,0.0,0.0,0.0,255.0,0338.png,20.0,5.0,0.0,255.0,0.0,150.0,210.0
339,255.0,0.0,0.0,0.0,0.0,255.0,0339.png,20.0,6.0,0.0,255.0,0.0,570.0,210.0
340,255.0,0.0,0.0,0.0,0.0,255.0,0340.png,20.0,7.0,0.0,255.0,0.0,390.0,90.0
341,255.0,0.0,0.0,0.0,0.0,255.0,0341.png,20.0,8.0,0.0,255.0,0.0,510.0,210.0
342,255.0,0.0,0.0,0.0,255.0,0.0,0342.png,20.0,3.0,0.0,0.0,0.0,450.0,330.0
343,255.0,0.0,0.0,0.0,255.0,0.0,0343.png,20.0,4.0,0.0,0.0,0.0,390.0,150.0
344,255.0,0.0,0.0,0.0,255.0,0.0,0344.png,20.0,5.0,0.0,0.0,0.0,30.0,450.0
345,255.0,0.0,0.0,0.0,255.0,0.0,0345.png,20.0,6.0,0.0,0.0,0.0,330.0,450.0
346,255.0,0.0,0.0,0.0,255.0,0.0,0346.png,20.0,7.0,0.0,0.0,0.0,30.0,210.0
347,255.0,0.0,0.0,0.0,255.0,0.0,0347.png,20.0,8.0,0.0,0.0,0.0,210.0,330.0
348,255.0,0.0,0.0,0.0,255.0,0.0,0348.png,20.0,3.0,255.0,255.0,255.0,30.0,150.0
349,255.0,0.0,0.0,0.0,255.0,0.0,0349.png,20.0,4.0,255.0,255.0,255.0,210.0,30.0
350,255.0,0.0,0.0,0.0,255.0,0.0,0350.png,20.0,5.0,255.0,255.0,255.0,90.0,450.0
351,255.0,0.0,0.0,0.0,255.0,0.0,0351.png,20.0,6.0,255.0,255.0,255.0,450.0,30.0
352,255.0,0.0,0.0,0.0,255.0,0.0,0352.png,20.0,7.0,255.0,255.0,255.0,150.0,90.0
353,255.0,0.0,0.0,0.0,255.0,0.0,0353.png,20.0,8.0,255.0,255.0,255.0,330.0,90.0
354,255.0,0.0,0.0,0.0,255.0,0.0,0354.png,20.0,3.0,0.0,0.0,255.0,210.0,150.0
355,255.0,0.0,0.0,0.0,255.0,0.0,0355.png,20.0,4.0,0.0,0.0,255.0,30.0,330.0
356,255.0,0.0,0.0,0.0,255.0,0.0,0356.png,20.0,5.0,0.0,0.0,255.0,270.0,330.0
357,255.0,0.0,0.0,0.0,255.0,0.0,0357.png,20.0,6.0,0.0,0.0,255.0,510.0,330.0
358,255.0,0.0,0.0,0.0,255.0,0.0,0358.png,20.0,7.0,0.0,0.0,255.0,390.0,90.0
359,255.0,0.0,0.0,0.0,255.0,0.0,0359.png,20.0,8.0,0.0,0.0,255.0,150.0,330.0
