,Unnamed: 0,image_file_name,item_radius,num_item,target_angle,target_x,target_y,iou_conv1_poolsize8,iou_conv2_poolsize8,iou_conv3_poolsize8,iou_conv4_poolsize8
0,0,0000.png,20.0,3.0,1.5707963267948966,570.0,390.0,0.6512009501457214,0.6512009501457214,0.6512009501457214,0.0
1,1,0001.png,20.0,3.0,1.5707963267948966,150.0,510.0,0.637965977191925,0.637965977191925,0.637965977191925,0.637965977191925
2,2,0002.png,20.0,3.0,1.5707963267948966,90.0,330.0,0.0,0.011401396244764328,0.0,0.011401396244764328
3,3,0003.png,20.0,3.0,1.5707963267948966,90.0,570.0,0.6640108823776245,0.6640108823776245,0.6640108823776245,0.6640108823776245
4,4,0004.png,20.0,3.0,1.5707963267948966,570.0,90.0,0.6891329884529114,0.6891329884529114,0.6891329884529114,0.6891329884529114
5,5,0005.png,20.0,3.0,1.5707963267948966,90.0,90.0,0.671872079372406,0.671872079372406,0.671872079372406,0.0
6,6,0006.png,20.0,3.0,1.5707963267948966,270.0,30.0,0.795871913433075,0.795871913433075,0.795871913433075,0.795871913433075
7,7,0007.png,20.0,3.0,1.5707963267948966,510.0,30.0,0.7751243114471436,0.7751243114471436,0.7751243114471436,0.7751243114471436
8,8,0008.png,20.0,3.0,1.5707963267948966,330.0,90.0,0.04654157906770706,0.04654157906770706,0.0,0.04654157906770706
9,9,0009.png,20.0,3.0,1.5707963267948966,30.0,390.0,0.7092921137809753,0.7092921137809753,0.7092921137809753,0.7092921137809753
10,10,0010.png,20.0,4.0,1.5707963267948966,270.0,450.0,0.5875773429870605,0.5875773429870605,0.5875773429870605,0.0
11,11,0011.png,20.0,4.0,1.5707963267948966,30.0,570.0,0.639900267124176,0.639900267124176,0.639900267124176,0.639900267124176
12,12,0012.png,20.0,4.0,1.5707963267948966,90.0,90.0,0.6726589202880859,0.6726589202880859,0.6726589202880859,0.0
13,13,0013.png,20.0,4.0,1.5707963267948966,210.0,510.0,0.6488614678382874,0.6488614678382874,0.6488614678382874,0.6488614678382874
14,14,0014.png,20.0,4.0,1.5707963267948966,450.0,510.0,0.5918740630149841,0.5918740630149841,0.5918740630149841,0.5918740630149841
15,15,0015.png,20.0,4.0,1.5707963267948966,150.0,510.0,0.6379265189170837,0.6379265189170837,0.6379265189170837,0.6379265189170837
16,16,0016.png,20.0,4.0,1.5707963267948966,570.0,570.0,0.6765267848968506,0.6765267848968506,0.6765267848968506,0.6765267848968506
17,17,0017.png,20.0,4.0,1.5707963267948966,570.0,450.0,0.6178825497627258,0.6178825497627258,0.0,0.0
18,18,0018.png,20.0,4.0,1.5707963267948966,270.0,210.0,0.7078976631164551,0.7078976631164551,0.7078976631164551,0.0
19,19,0019.png,20.0,4.0,1.5707963267948966,330.0,270.0,0.603161096572876,0.603161096572876,0.603161096572876,0.0
20,20,0020.png,20.0,5.0,1.5707963267948966,270.0,570.0,0.6359013319015503,0.6359013319015503,0.6359013319015503,0.6359013319015503
21,21,0021.png,20.0,5.0,1.5707963267948966,150.0,90.0,0.0014111418277025223,0.0014111418277025223,0.0014111418277025223,0.0014111418277025223
22,22,0022.png,20.0,5.0,1.5707963267948966,390.0,210.0,0.6396228671073914,0.6396228671073914,0.6396228671073914,0.0
23,23,0023.png,20.0,5.0,1.5707963267948966,210.0,30.0,0.6527576446533203,0.6527576446533203,0.6527576446533203,0.0
24,24,0024.png,20.0,5.0,1.5707963267948966,210.0,330.0,0.6553598642349243,0.6553598642349243,0.6553598642349243,0.6553598642349243
25,25,0025.png,20.0,5.0,1.5707963267948966,510.0,390.0,0.7067688703536987,0.7067688703536987,0.7067688703536987,0.7067688703536987
26,26,0026.png,20.0,5.0,1.5707963267948966,30.0,390.0,0.7048920392990112,0.7048920392990112,0.0,0.0
27,27,0027.png,20.0,5.0,1.5707963267948966,450.0,90.0,0.6340808272361755,0.6340808272361755,0.6340808272361755,0.0
28,28,0028.png,20.0,5.0,1.5707963267948966,570.0,570.0,0.7058840394020081,0.7058840394020081,0.7058840394020081,0.0
29,29,0029.png,20.0,5.0,1.5707963267948966,150.0,150.0,0.6942309141159058,0.6942309141159058,0.6942309141159058,0.0
30,30,0030.png,20.0,6.0,1.5707963267948966,30.0,330.0,0.0,0.0,0.0,0.0
31,31,0031.png,20.0,6.0,1.5707963267948966,390.0,390.0,0.0,0.0,0.0,0.0
32,32,0032.png,20.0,6.0,1.5707963267948966,30.0,510.0,0.6092050075531006,0.6092050075531006,0.6092050075531006,0.0
33,33,0033.png,20.0,6.0,1.5707963267948966,330.0,570.0,0.6936125755310059,0.6936125755310059,0.6936125755310059,0.6936125755310059
34,34,0034.png,20.0,6.0,1.5707963267948966,150.0,390.0,0.647459864616394,0.647459864616394,0.647459864616394,0.0
35,35,0035.png,20.0,6.0,1.5707963267948966,330.0,570.0,0.6431856751441956,0.6431856751441956,0.6431856751441956,0.6431856751441956
36,36,0036.png,20.0,6.0,1.5707963267948966,510.0,510.0,0.5900538563728333,0.5900538563728333,0.5900538563728333,0.0
37,37,0037.png,20.0,6.0,1.5707963267948966,210.0,390.0,0.6341558694839478,0.6341558694839478,0.0,0.0
38,38,0038.png,20.0,6.0,1.5707963267948966,510.0,210.0,0.6737483143806458,0.6737483143806458,0.6737483143806458,0.0
39,39,0039.png,20.0,6.0,1.5707963267948966,330.0,270.0,0.6060848832130432,0.6060848832130432,0.0,0.0
40,40,0040.png,20.0,7.0,1.5707963267948966,30.0,330.0,0.5868549346923828,0.5868549346923828,0.5868549346923828,0.0
41,41,0041.png,20.0,7.0,1.5707963267948966,150.0,330.0,0.5816910266876221,0.5816910266876221,0.5816910266876221,0.0
42,42,0042.png,20.0,7.0,1.5707963267948966,330.0,210.0,0.5579434037208557,0.5579434037208557,0.5579434037208557,0.0
43,43,0043.png,20.0,7.0,1.5707963267948966,450.0,150.0,0.5942395329475403,0.5942395329475403,0.0,0.0
44,44,0044.png,20.0,7.0,1.5707963267948966,30.0,450.0,0.606355607509613,0.606355607509613,0.606355607509613,0.0
45,45,0045.png,20.0,7.0,1.5707963267948966,150.0,450.0,0.00036565272603183985,0.00036565272603183985,0.00036565272603183985,0.00036565272603183985
46,46,0046.png,20.0,7.0,1.5707963267948966,270.0,330.0,0.0,0.0,0.0,0.0
47,47,0047.png,20.0,7.0,1.5707963267948966,570.0,150.0,0.6043713688850403,0.6043713688850403,0.6043713688850403,0.0
48,48,0048.png,20.0,7.0,1.5707963267948966,210.0,270.0,0.5893067717552185,0.5893067717552185,0.0,0.0
49,49,0049.png,20.0,7.0,1.5707963267948966,390.0,150.0,0.5629945993423462,0.5629945993423462,0.5629945993423462,0.0
50,50,0050.png,20.0,8.0,1.5707963267948966,30.0,330.0,0.6064559817314148,0.6064559817314148,0.6064559817314148,0.0
51,51,0051.png,20.0,8.0,1.5707963267948966,450.0,270.0,0.005090215243399143,0.005090215243399143,0.005090215243399143,0.005090215243399143
52,52,0052.png,20.0,8.0,1.5707963267948966,450.0,330.0,0.6027655601501465,0.6027655601501465,0.6027655601501465,0.0
53,53,0053.png,20.0,8.0,1.5707963267948966,450.0,270.0,0.6141234636306763,0.6141234636306763,0.6141234636306763,0.6141234636306763
54,54,0054.png,20.0,8.0,1.5707963267948966,330.0,210.0,0.5680806040763855,0.5680806040763855,0.0,0.0
55,55,0055.png,20.0,8.0,1.5707963267948966,510.0,450.0,0.5581965446472168,0.5581965446472168,0.0,0.0
56,56,0056.png,20.0,8.0,1.5707963267948966,330.0,150.0,0.0,0.6204145550727844,0.0,0.0
57,57,0057.png,20.0,8.0,1.5707963267948966,270.0,390.0,0.0,0.0,0.0,0.0
58,58,0058.png,20.0,8.0,1.5707963267948966,330.0,210.0,0.5775278210639954,0.5775278210639954,0.5775278210639954,0.0
59,59,0059.png,20.0,8.0,1.5707963267948966,390.0,510.0,0.0,0.0,0.0,0.0
60,60,0060.png,20.0,3.0,1.9634954084936207,270.0,390.0,0.5272975564002991,0.5272975564002991,0.5272975564002991,0.5272975564002991
61,61,0061.png,20.0,3.0,1.9634954084936207,90.0,30.0,0.6850461959838867,0.6850461959838867,0.6850461959838867,0.0
62,62,0062.png,20.0,3.0,1.9634954084936207,450.0,390.0,0.6990224719047546,0.6990224719047546,0.6990224719047546,0.0
63,63,0063.png,20.0,3.0,1.9634954084936207,210.0,570.0,0.6497876644134521,0.6497876644134521,0.6497876644134521,0.6497876644134521
64,64,0064.png,20.0,3.0,1.9634954084936207,30.0,210.0,0.6580905914306641,0.6580905914306641,0.6580905914306641,0.0
65,65,0065.png,20.0,3.0,1.9634954084936207,450.0,90.0,0.6940619349479675,0.6940619349479675,0.6940619349479675,0.6940619349479675
66,66,0066.png,20.0,3.0,1.9634954084936207,30.0,150.0,0.6816704273223877,0.6816704273223877,0.6816704273223877,0.6816704273223877
67,67,0067.png,20.0,3.0,1.9634954084936207,150.0,90.0,0.5794405341148376,0.5794405341148376,0.5794405341148376,0.5794405341148376
68,68,0068.png,20.0,3.0,1.9634954084936207,390.0,210.0,0.6486613750457764,0.6486613750457764,0.6486613750457764,0.0
69,69,0069.png,20.0,3.0,1.9634954084936207,90.0,570.0,0.6673364639282227,0.6673364639282227,0.6673364639282227,0.6673364639282227
70,70,0070.png,20.0,4.0,1.9634954084936207,390.0,390.0,0.5436158776283264,0.5436158776283264,0.5436158776283264,0.5436158776283264
71,71,0071.png,20.0,4.0,1.9634954084936207,450.0,270.0,0.04575010761618614,0.04575010761618614,0.04575010761618614,0.04575010761618614
72,72,0072.png,20.0,4.0,1.9634954084936207,510.0,390.0,0.5961341857910156,0.5961341857910156,0.5961341857910156,0.5961341857910156
73,73,0073.png,20.0,4.0,1.9634954084936207,210.0,390.0,0.5427146553993225,0.5427146553993225,0.5427146553993225,0.0
74,74,0074.png,20.0,4.0,1.9634954084936207,30.0,270.0,0.6832861304283142,0.6832861304283142,0.6832861304283142,0.0
75,75,0075.png,20.0,4.0,1.9634954084936207,330.0,450.0,0.5390300154685974,0.5390300154685974,0.5390300154685974,0.0
76,76,0076.png,20.0,4.0,1.9634954084936207,30.0,450.0,0.643685519695282,0.643685519695282,0.643685519695282,0.643685519695282
77,77,0077.png,20.0,4.0,1.9634954084936207,450.0,570.0,0.6781404614448547,0.6781404614448547,0.6781404614448547,0.6781404614448547
78,78,0078.png,20.0,4.0,1.9634954084936207,270.0,30.0,0.6435787081718445,0.6435787081718445,0.6435787081718445,0.0
79,79,0079.png,20.0,4.0,1.9634954084936207,210.0,150.0,0.5781576037406921,0.5781576037406921,0.5781576037406921,0.0
80,80,0080.png,20.0,5.0,1.9634954084936207,390.0,570.0,0.0410635806620121,0.0410635806620121,0.0410635806620121,0.0410635806620121
81,81,0081.png,20.0,5.0,1.9634954084936207,90.0,390.0,0.10246206074953079,0.10246206074953079,0.10246206074953079,0.10246206074953079
82,82,0082.png,20.0,5.0,1.9634954084936207,210.0,450.0,0.5332399606704712,0.5332399606704712,0.5332399606704712,0.0
83,83,0083.png,20.0,5.0,1.9634954084936207,90.0,210.0,0.6181492805480957,0.6181492805480957,0.6181492805480957,0.0
84,84,0084.png,20.0,5.0,1.9634954084936207,90.0,450.0,0.6195857524871826,0.6195857524871826,0.6195857524871826,0.0
85,85,0085.png,20.0,5.0,1.9634954084936207,450.0,90.0,0.7049756646156311,0.7049756646156311,0.7049756646156311,0.0
86,86,0086.png,20.0,5.0,1.9634954084936207,570.0,210.0,0.6803672909736633,0.6803672909736633,0.6803672909736633,0.0
87,87,0087.png,20.0,5.0,1.9634954084936207,210.0,390.0,0.02590184658765793,0.02590184658765793,0.02590184658765793,0.02590184658765793
88,88,0088.png,20.0,5.0,1.9634954084936207,150.0,330.0,0.5995296239852905,0.5995296239852905,0.5995296239852905,0.0
89,89,0089.png,20.0,5.0,1.9634954084936207,510.0,270.0,0.6084485054016113,0.6084485054016113,0.0,0.0
90,90,0090.png,20.0,6.0,1.9634954084936207,390.0,390.0,0.09437231719493866,0.09437231719493866,0.09437231719493866,0.09437231719493866
91,91,0091.png,20.0,6.0,1.9634954084936207,210.0,450.0,0.0,0.0,0.0,0.0
92,92,0092.png,20.0,6.0,1.9634954084936207,210.0,510.0,0.6071860790252686,0.6071860790252686,0.6071860790252686,0.0
93,93,0093.png,20.0,6.0,1.9634954084936207,90.0,570.0,0.6981633305549622,0.6981633305549622,0.6981633305549622,0.0
94,94,0094.png,20.0,6.0,1.9634954084936207,510.0,210.0,0.5997495651245117,0.5997495651245117,0.5997495651245117,0.0
95,95,0095.png,20.0,6.0,1.9634954084936207,570.0,270.0,0.7385088801383972,0.7385088801383972,0.0,0.0
96,96,0096.png,20.0,6.0,1.9634954084936207,450.0,450.0,0.0,0.0,0.0,0.0
97,97,0097.png,20.0,6.0,1.9634954084936207,390.0,30.0,0.0,0.0,0.0,0.0
98,98,0098.png,20.0,6.0,1.9634954084936207,510.0,390.0,0.0,0.0,0.0,0.0
99,99,0099.png,20.0,6.0,1.9634954084936207,270.0,390.0,0.5666019916534424,0.5666019916534424,0.5666019916534424,0.0
100,100,0100.png,20.0,7.0,1.9634954084936207,330.0,150.0,0.5799697637557983,0.5799697637557983,0.5799697637557983,0.0
101,101,0101.png,20.0,7.0,1.9634954084936207,510.0,150.0,0.5822546482086182,0.5822546482086182,0.5822546482086182,0.0
102,102,0102.png,20.0,7.0,1.9634954084936207,210.0,390.0,0.558190643787384,0.558190643787384,0.558190643787384,0.0
103,103,0103.png,20.0,7.0,1.9634954084936207,390.0,210.0,0.6936538219451904,0.6936538219451904,0.6936538219451904,0.0
104,104,0104.png,20.0,7.0,1.9634954084936207,330.0,390.0,0.01804957538843155,0.01804957538843155,0.01804957538843155,0.01804957538843155
105,105,0105.png,20.0,7.0,1.9634954084936207,390.0,450.0,0.5724901556968689,0.5724901556968689,0.5724901556968689,0.0
106,106,0106.png,20.0,7.0,1.9634954084936207,450.0,390.0,0.6074122190475464,0.6074122190475464,0.6074122190475464,0.0
107,107,0107.png,20.0,7.0,1.9634954084936207,450.0,510.0,0.0,0.0,0.0,0.0
108,108,0108.png,20.0,7.0,1.9634954084936207,90.0,330.0,0.11893629282712936,0.11893629282712936,0.11893629282712936,0.11893629282712936
109,109,0109.png,20.0,7.0,1.9634954084936207,210.0,390.0,0.008670126087963581,0.008670126087963581,0.008670126087963581,0.008670126087963581
110,110,0110.png,20.0,8.0,1.9634954084936207,570.0,270.0,0.0,0.0,0.7039377689361572,0.0
111,111,0111.png,20.0,8.0,1.9634954084936207,270.0,30.0,0.6423072814941406,0.6423072814941406,0.6423072814941406,0.0
112,112,0112.png,20.0,8.0,1.9634954084936207,450.0,270.0,0.6845400929450989,0.6845400929450989,0.6845400929450989,0.0
113,113,0113.png,20.0,8.0,1.9634954084936207,390.0,330.0,0.0,0.0,0.0,0.0
114,114,0114.png,20.0,8.0,1.9634954084936207,390.0,390.0,0.013708031736314297,0.013708031736314297,0.013708031736314297,0.013708031736314297
115,115,0115.png,20.0,8.0,1.9634954084936207,210.0,390.0,0.11720212548971176,0.11720212548971176,0.11720212548971176,0.11720212548971176
116,116,0116.png,20.0,8.0,1.9634954084936207,390.0,210.0,0.6283905506134033,0.6283905506134033,0.6283905506134033,0.0
117,117,0117.png,20.0,8.0,1.9634954084936207,150.0,30.0,0.7761847972869873,0.7761847972869873,0.0,0.0
118,118,0118.png,20.0,8.0,1.9634954084936207,30.0,570.0,0.7164732217788696,0.7164732217788696,0.7164732217788696,0.7164732217788696
119,119,0119.png,20.0,8.0,1.9634954084936207,390.0,330.0,0.6341162323951721,0.6341162323951721,0.6341162323951721,0.0
120,120,0120.png,20.0,3.0,2.3561944901923453,210.0,510.0,0.5939085483551025,0.5939085483551025,0.5939085483551025,0.0
121,121,0121.png,20.0,3.0,2.3561944901923453,30.0,150.0,0.6787128448486328,0.6787128448486328,0.6787128448486328,0.6787128448486328
122,122,0122.png,20.0,3.0,2.3561944901923453,570.0,510.0,0.5185642242431641,0.5185642242431641,0.5185642242431641,0.5185642242431641
123,123,0123.png,20.0,3.0,2.3561944901923453,510.0,450.0,0.5717201232910156,0.5717201232910156,0.5717201232910156,0.0
124,124,0124.png,20.0,3.0,2.3561944901923453,210.0,270.0,0.5671127438545227,0.5671127438545227,0.5671127438545227,0.0
125,125,0125.png,20.0,3.0,2.3561944901923453,30.0,450.0,0.6929090619087219,0.6929090619087219,0.6929090619087219,0.6929090619087219
126,126,0126.png,20.0,3.0,2.3561944901923453,330.0,210.0,0.4875757396221161,0.4875757396221161,0.4875757396221161,0.0
127,127,0127.png,20.0,3.0,2.3561944901923453,390.0,270.0,0.5324927568435669,0.5324927568435669,0.5324927568435669,0.0
128,128,0128.png,20.0,3.0,2.3561944901923453,30.0,390.0,0.595794677734375,0.595794677734375,0.595794677734375,0.0
129,129,0129.png,20.0,3.0,2.3561944901923453,510.0,450.0,0.5713827610015869,0.0,0.0,0.0
130,130,0130.png,20.0,4.0,2.3561944901923453,30.0,450.0,0.6942568421363831,0.6942568421363831,0.6942568421363831,0.0
131,131,0131.png,20.0,4.0,2.3561944901923453,210.0,570.0,0.45369720458984375,0.45369720458984375,0.45369720458984375,0.45369720458984375
132,132,0132.png,20.0,4.0,2.3561944901923453,450.0,30.0,0.6382491588592529,0.6382491588592529,0.6382491588592529,0.0
133,133,0133.png,20.0,4.0,2.3561944901923453,390.0,450.0,0.46499431133270264,0.46499431133270264,0.46499431133270264,0.0
134,134,0134.png,20.0,4.0,2.3561944901923453,150.0,210.0,0.5536152720451355,0.5536152720451355,0.0,0.0
135,135,0135.png,20.0,4.0,2.3561944901923453,150.0,390.0,0.47909829020500183,0.47909829020500183,0.47909829020500183,0.0
136,136,0136.png,20.0,4.0,2.3561944901923453,90.0,150.0,0.4844711422920227,0.4844711422920227,0.4844711422920227,0.0
137,137,0137.png,20.0,4.0,2.3561944901923453,30.0,90.0,0.7067015171051025,0.7067015171051025,0.7067015171051025,0.0
138,138,0138.png,20.0,4.0,2.3561944901923453,510.0,330.0,0.0,0.0,0.0,0.0
139,139,0139.png,20.0,4.0,2.3561944901923453,390.0,330.0,0.07780393213033676,0.07780393213033676,0.07780393213033676,0.07780393213033676
140,140,0140.png,20.0,5.0,2.3561944901923453,510.0,330.0,0.044534217566251755,0.044534217566251755,0.044534217566251755,0.044534217566251755
141,141,0141.png,20.0,5.0,2.3561944901923453,150.0,30.0,0.6780763268470764,0.6780763268470764,0.6780763268470764,0.6780763268470764
142,142,0142.png,20.0,5.0,2.3561944901923453,90.0,390.0,0.5080157518386841,0.5080157518386841,0.0,0.0
143,143,0143.png,20.0,5.0,2.3561944901923453,270.0,150.0,0.5319862365722656,0.5319862365722656,0.5319862365722656,0.0
144,144,0144.png,20.0,5.0,2.3561944901923453,450.0,270.0,0.6296736001968384,0.6296736001968384,0.6296736001968384,0.0
145,145,0145.png,20.0,5.0,2.3561944901923453,210.0,150.0,0.517304003238678,0.517304003238678,0.517304003238678,0.517304003238678
146,146,0146.png,20.0,5.0,2.3561944901923453,510.0,270.0,0.5203615427017212,0.5203615427017212,0.5203615427017212,0.0
147,147,0147.png,20.0,5.0,2.3561944901923453,510.0,30.0,0.5652953386306763,0.5652953386306763,0.5652953386306763,0.0
148,148,0148.png,20.0,5.0,2.3561944901923453,30.0,210.0,0.0,0.0,0.0,0.0
149,149,0149.png,20.0,5.0,2.3561944901923453,390.0,150.0,0.5056502819061279,0.5056502819061279,0.5056502819061279,0.0
150,150,0150.png,20.0,6.0,2.3561944901923453,510.0,150.0,0.013058539479970932,0.013058539479970932,0.013058539479970932,0.013058539479970932
151,151,0151.png,20.0,6.0,2.3561944901923453,210.0,390.0,0.511380136013031,0.511380136013031,0.511380136013031,0.0
152,152,0152.png,20.0,6.0,2.3561944901923453,210.0,330.0,0.5283222794532776,0.5283222794532776,0.5283222794532776,0.0
153,153,0153.png,20.0,6.0,2.3561944901923453,450.0,150.0,0.5347205996513367,0.5347205996513367,0.5347205996513367,0.0
154,154,0154.png,20.0,6.0,2.3561944901923453,90.0,270.0,0.48580437898635864,0.48580437898635864,0.0,0.0
155,155,0155.png,20.0,6.0,2.3561944901923453,90.0,450.0,0.5254299640655518,0.5254299640655518,0.5254299640655518,0.0
156,156,0156.png,20.0,6.0,2.3561944901923453,510.0,510.0,0.5584300756454468,0.5584300756454468,0.5584300756454468,0.0
157,157,0157.png,20.0,6.0,2.3561944901923453,570.0,450.0,0.5760005116462708,0.5760005116462708,0.5760005116462708,0.0
158,158,0158.png,20.0,6.0,2.3561944901923453,450.0,210.0,0.104158416390419,0.104158416390419,0.104158416390419,0.104158416390419
159,159,0159.png,20.0,6.0,2.3561944901923453,30.0,450.0,0.6468534469604492,0.6468534469604492,0.6468534469604492,0.6468534469604492
160,160,0160.png,20.0,7.0,2.3561944901923453,210.0,150.0,0.7031256556510925,0.7031256556510925,0.7031256556510925,0.0
161,161,0161.png,20.0,7.0,2.3561944901923453,450.0,30.0,0.632988691329956,0.632988691329956,0.632988691329956,0.0
162,162,0162.png,20.0,7.0,2.3561944901923453,450.0,390.0,0.018321748822927475,0.018321748822927475,0.018321748822927475,0.0
163,163,0163.png,20.0,7.0,2.3561944901923453,90.0,210.0,0.0292167067527771,0.0292167067527771,0.0292167067527771,0.0292167067527771
164,164,0164.png,20.0,7.0,2.3561944901923453,330.0,570.0,0.5300174355506897,0.5300174355506897,0.5300174355506897,0.5300174355506897
165,165,0165.png,20.0,7.0,2.3561944901923453,510.0,30.0,0.12995237112045288,0.12995237112045288,0.12995237112045288,0.12995237112045288
166,166,0166.png,20.0,7.0,2.3561944901923453,450.0,390.0,0.5472570061683655,0.5472570061683655,0.0,0.0
167,167,0167.png,20.0,7.0,2.3561944901923453,510.0,510.0,0.5593306422233582,0.5593306422233582,0.5593306422233582,0.0
168,168,0168.png,20.0,7.0,2.3561944901923453,210.0,150.0,0.0,0.0,0.0,0.0
169,169,0169.png,20.0,7.0,2.3561944901923453,330.0,30.0,0.6218284964561462,0.6218284964561462,0.6218284964561462,0.0
170,170,0170.png,20.0,8.0,2.3561944901923453,510.0,390.0,0.0,0.0,0.0,0.0
171,171,0171.png,20.0,8.0,2.3561944901923453,30.0,510.0,0.6715635657310486,0.6715635657310486,0.6715635657310486,0.0
172,172,0172.png,20.0,8.0,2.3561944901923453,30.0,210.0,0.6597644090652466,0.6597644090652466,0.0,0.0
173,173,0173.png,20.0,8.0,2.3561944901923453,90.0,510.0,0.5414315462112427,0.5414315462112427,0.0,0.0
174,174,0174.png,20.0,8.0,2.3561944901923453,450.0,330.0,0.10588683187961578,0.10588683187961578,0.10588683187961578,0.10588683187961578
175,175,0175.png,20.0,8.0,2.3561944901923453,570.0,390.0,0.6625570058822632,0.6625570058822632,0.6625570058822632,0.0
176,176,0176.png,20.0,8.0,2.3561944901923453,510.0,570.0,0.5489259362220764,0.5489259362220764,0.0,0.0
177,177,0177.png,20.0,8.0,2.3561944901923453,210.0,30.0,0.645889937877655,0.645889937877655,0.645889937877655,0.0
178,178,0178.png,20.0,8.0,2.3561944901923453,510.0,450.0,0.12066200375556946,0.0,0.0,0.0
179,179,0179.png,20.0,8.0,2.3561944901923453,330.0,390.0,0.0,0.0,0.0,0.0
180,180,0180.png,20.0,3.0,2.748893571891069,330.0,150.0,0.5190631747245789,0.5190631747245789,0.5190631747245789,0.0
181,181,0181.png,20.0,3.0,2.748893571891069,210.0,30.0,0.6171362400054932,0.6171362400054932,0.6171362400054932,0.0
182,182,0182.png,20.0,3.0,2.748893571891069,510.0,150.0,0.6896718740463257,0.6896718740463257,0.6896718740463257,0.0
183,183,0183.png,20.0,3.0,2.748893571891069,510.0,330.0,0.6331562399864197,0.6331562399864197,0.6331562399864197,0.0
184,184,0184.png,20.0,3.0,2.748893571891069,210.0,390.0,0.538079023361206,0.538079023361206,0.538079023361206,0.0
185,185,0185.png,20.0,3.0,2.748893571891069,30.0,570.0,0.5816742777824402,0.5816742777824402,0.5816742777824402,0.5816742777824402
186,186,0186.png,20.0,3.0,2.748893571891069,330.0,270.0,0.5628180503845215,0.5628180503845215,0.5628180503845215,0.0
187,187,0187.png,20.0,3.0,2.748893571891069,270.0,210.0,0.5496296882629395,0.5496296882629395,0.5496296882629395,0.0
188,188,0188.png,20.0,3.0,2.748893571891069,330.0,90.0,0.0,0.10115385800600052,0.10115385800600052,0.10115385800600052
189,189,0189.png,20.0,3.0,2.748893571891069,150.0,390.0,0.5944984555244446,0.5944984555244446,0.5944984555244446,0.5944984555244446
190,190,0190.png,20.0,4.0,2.748893571891069,570.0,150.0,0.6552473306655884,0.6552473306655884,0.6552473306655884,0.6552473306655884
191,191,0191.png,20.0,4.0,2.748893571891069,210.0,150.0,0.584854245185852,0.584854245185852,0.584854245185852,0.0
192,192,0192.png,20.0,4.0,2.748893571891069,30.0,210.0,0.681480348110199,0.681480348110199,0.681480348110199,0.681480348110199
193,193,0193.png,20.0,4.0,2.748893571891069,210.0,150.0,0.5984795689582825,0.5984795689582825,0.5984795689582825,0.0
194,194,0194.png,20.0,4.0,2.748893571891069,390.0,390.0,0.0,0.5610175132751465,0.0,0.0
195,195,0195.png,20.0,4.0,2.748893571891069,450.0,270.0,0.6209869384765625,0.6209869384765625,0.6209869384765625,0.0
196,196,0196.png,20.0,4.0,2.748893571891069,150.0,90.0,0.6355468034744263,0.6355468034744263,0.6355468034744263,0.0
197,197,0197.png,20.0,4.0,2.748893571891069,150.0,450.0,0.534377932548523,0.534377932548523,0.534377932548523,0.0
198,198,0198.png,20.0,4.0,2.748893571891069,570.0,390.0,0.5543798208236694,0.5543798208236694,0.5543798208236694,0.0
199,199,0199.png,20.0,4.0,2.748893571891069,210.0,210.0,0.5426145195960999,0.5426145195960999,0.5426145195960999,0.0
200,200,0200.png,20.0,5.0,2.748893571891069,210.0,510.0,0.5966365933418274,0.5966365933418274,0.5966365933418274,0.0
201,201,0201.png,20.0,5.0,2.748893571891069,150.0,330.0,0.0,0.0,0.0,0.0
202,202,0202.png,20.0,5.0,2.748893571891069,570.0,330.0,0.6367349624633789,0.6367349624633789,0.6367349624633789,0.0
203,203,0203.png,20.0,5.0,2.748893571891069,90.0,150.0,0.07298140227794647,0.07298140227794647,0.07298140227794647,0.07298140227794647
204,204,0204.png,20.0,5.0,2.748893571891069,270.0,270.0,0.59588623046875,0.59588623046875,0.59588623046875,0.0
205,205,0205.png,20.0,5.0,2.748893571891069,90.0,510.0,0.6149847507476807,0.6149847507476807,0.6149847507476807,0.0
206,206,0206.png,20.0,5.0,2.748893571891069,450.0,210.0,0.6253808736801147,0.6253808736801147,0.6253808736801147,0.0
207,207,0207.png,20.0,5.0,2.748893571891069,150.0,210.0,0.008158255368471146,0.008158255368471146,0.008158255368471146,0.008158255368471146
208,208,0208.png,20.0,5.0,2.748893571891069,570.0,150.0,0.6548467874526978,0.6548467874526978,0.6548467874526978,0.0
209,209,0209.png,20.0,5.0,2.748893571891069,30.0,510.0,0.008211705833673477,0.008211705833673477,0.008211705833673477,0.008211705833673477
210,210,0210.png,20.0,6.0,2.748893571891069,210.0,150.0,0.6084492802619934,0.6084492802619934,0.6084492802619934,0.0
211,211,0211.png,20.0,6.0,2.748893571891069,570.0,90.0,0.6257736682891846,0.6257736682891846,0.6257736682891846,0.0
212,212,0212.png,20.0,6.0,2.748893571891069,150.0,90.0,0.0,0.0,0.0,0.1240944117307663
213,213,0213.png,20.0,6.0,2.748893571891069,570.0,390.0,0.6170470118522644,0.6170470118522644,0.6170470118522644,0.0
214,214,0214.png,20.0,6.0,2.748893571891069,390.0,510.0,0.0,0.0,0.0,0.0
215,215,0215.png,20.0,6.0,2.748893571891069,210.0,450.0,0.04899079352617264,0.04899079352617264,0.04899079352617264,0.04899079352617264
216,216,0216.png,20.0,6.0,2.748893571891069,510.0,150.0,0.048607513308525085,0.048607513308525085,0.048607513308525085,0.048607513308525085
217,217,0217.png,20.0,6.0,2.748893571891069,510.0,510.0,0.0,0.0,0.0,0.0
218,218,0218.png,20.0,6.0,2.748893571891069,390.0,510.0,0.5907071828842163,0.5907071828842163,0.5907071828842163,0.0
219,219,0219.png,20.0,6.0,2.748893571891069,90.0,330.0,0.652814507484436,0.652814507484436,0.652814507484436,0.0
220,220,0220.png,20.0,7.0,2.748893571891069,510.0,330.0,0.6045047044754028,0.6045047044754028,0.0,0.0
221,221,0221.png,20.0,7.0,2.748893571891069,390.0,90.0,0.5642659664154053,0.5642659664154053,0.0,0.0
222,222,0222.png,20.0,7.0,2.748893571891069,210.0,570.0,0.5392562747001648,0.5392562747001648,0.5392562747001648,0.0
223,223,0223.png,20.0,7.0,2.748893571891069,510.0,270.0,0.688238799571991,0.688238799571991,0.688238799571991,0.0
224,224,0224.png,20.0,7.0,2.748893571891069,330.0,390.0,0.49722227454185486,0.49722227454185486,0.0,0.0
225,225,0225.png,20.0,7.0,2.748893571891069,330.0,510.0,0.6317593455314636,0.6317593455314636,0.0,0.0
226,226,0226.png,20.0,7.0,2.748893571891069,390.0,270.0,0.5322625637054443,0.5322625637054443,0.5322625637054443,0.0
227,227,0227.png,20.0,7.0,2.748893571891069,330.0,510.0,0.5887014269828796,0.5887014269828796,0.0,0.0
228,228,0228.png,20.0,7.0,2.748893571891069,210.0,30.0,0.6651590466499329,0.6651590466499329,0.6651590466499329,0.0
229,229,0229.png,20.0,7.0,2.748893571891069,390.0,330.0,0.5927051305770874,0.5927051305770874,0.5927051305770874,0.0
230,230,0230.png,20.0,8.0,2.748893571891069,570.0,30.0,0.6556462645530701,0.6556462645530701,0.0,0.0
231,231,0231.png,20.0,8.0,2.748893571891069,210.0,90.0,0.6464760899543762,0.6464760899543762,0.6464760899543762,0.0
232,232,0232.png,20.0,8.0,2.748893571891069,270.0,270.0,0.563956618309021,0.563956618309021,0.0,0.0
233,233,0233.png,20.0,8.0,2.748893571891069,330.0,330.0,0.08907262980937958,0.08907262980937958,0.08907262980937958,0.08907262980937958
234,234,0234.png,20.0,8.0,2.748893571891069,90.0,210.0,0.0,0.0,0.0,0.0
235,235,0235.png,20.0,8.0,2.748893571891069,570.0,510.0,0.697417140007019,0.697417140007019,0.0,0.0
236,236,0236.png,20.0,8.0,2.748893571891069,510.0,90.0,0.0,0.5888167023658752,0.0,0.0
237,237,0237.png,20.0,8.0,2.748893571891069,450.0,390.0,0.5505128502845764,0.5505128502845764,0.5505128502845764,0.0
238,238,0238.png,20.0,8.0,2.748893571891069,390.0,90.0,0.0,0.5899415016174316,0.0,0.0
239,239,0239.png,20.0,8.0,2.748893571891069,30.0,90.0,0.6679407358169556,0.6679407358169556,0.6679407358169556,0.0
240,240,0240.png,20.0,3.0,3.1415926535897927,390.0,570.0,0.6114212870597839,0.6114212870597839,0.6114212870597839,0.6114212870597839
241,241,0241.png,20.0,3.0,3.1415926535897927,570.0,270.0,0.5341517925262451,0.5341517925262451,0.5341517925262451,0.5341517925262451
242,242,0242.png,20.0,3.0,3.1415926535897927,270.0,210.0,0.5794188380241394,0.5794188380241394,0.5794188380241394,0.5794188380241394
243,243,0243.png,20.0,3.0,3.1415926535897927,30.0,390.0,0.5324886441230774,0.5324886441230774,0.5324886441230774,0.5324886441230774
244,244,0244.png,20.0,3.0,3.1415926535897927,450.0,150.0,0.5870304107666016,0.5870304107666016,0.5870304107666016,0.0
245,245,0245.png,20.0,3.0,3.1415926535897927,330.0,570.0,0.5770396590232849,0.5770396590232849,0.5770396590232849,0.5770396590232849
246,246,0246.png,20.0,3.0,3.1415926535897927,450.0,90.0,0.015881996601819992,0.015881996601819992,0.0,0.015881996601819992
247,247,0247.png,20.0,3.0,3.1415926535897927,510.0,570.0,0.5457027554512024,0.5457027554512024,0.5457027554512024,0.5457027554512024
248,248,0248.png,20.0,3.0,3.1415926535897927,450.0,330.0,0.5734049081802368,0.5734049081802368,0.5734049081802368,0.0
249,249,0249.png,20.0,3.0,3.1415926535897927,150.0,30.0,0.6404169201850891,0.6404169201850891,0.6404169201850891,0.6404169201850891
250,250,0250.png,20.0,4.0,3.1415926535897927,450.0,390.0,0.5866672992706299,0.5866672992706299,0.5866672992706299,0.0
251,251,0251.png,20.0,4.0,3.1415926535897927,150.0,90.0,0.5790144205093384,0.5790144205093384,0.5790144205093384,0.0
252,252,0252.png,20.0,4.0,3.1415926535897927,210.0,270.0,0.5574464797973633,0.5574464797973633,0.5574464797973633,0.0
253,253,0253.png,20.0,4.0,3.1415926535897927,570.0,570.0,0.5323904156684875,0.5323904156684875,0.5323904156684875,0.5323904156684875
254,254,0254.png,20.0,4.0,3.1415926535897927,210.0,570.0,0.5936733484268188,0.5936733484268188,0.5936733484268188,0.5936733484268188
255,255,0255.png,20.0,4.0,3.1415926535897927,450.0,270.0,0.5789083242416382,0.5789083242416382,0.0,0.0
256,256,0256.png,20.0,4.0,3.1415926535897927,270.0,390.0,0.13392798602581024,0.13392798602581024,0.13392798602581024,0.13392798602581024
257,257,0257.png,20.0,4.0,3.1415926535897927,90.0,210.0,0.6084674596786499,0.6084674596786499,0.6084674596786499,0.0
258,258,0258.png,20.0,4.0,3.1415926535897927,270.0,90.0,0.027524730190634727,0.027524730190634727,0.027524730190634727,0.027524730190634727
259,259,0259.png,20.0,4.0,3.1415926535897927,270.0,450.0,0.5956593155860901,0.5956593155860901,0.5956593155860901,0.0
260,260,0260.png,20.0,5.0,3.1415926535897927,330.0,330.0,0.5526003837585449,0.5526003837585449,0.5526003837585449,0.0
261,261,0261.png,20.0,5.0,3.1415926535897927,210.0,30.0,0.6117678284645081,0.6117678284645081,0.6117678284645081,0.0
262,262,0262.png,20.0,5.0,3.1415926535897927,270.0,570.0,0.5819374918937683,0.5819374918937683,0.5819374918937683,0.5819374918937683
263,263,0263.png,20.0,5.0,3.1415926535897927,210.0,570.0,0.11462739109992981,0.11462739109992981,0.11462739109992981,0.11462739109992981
264,264,0264.png,20.0,5.0,3.1415926535897927,90.0,270.0,0.05121345818042755,0.05121345818042755,0.05121345818042755,0.05121345818042755
265,265,0265.png,20.0,5.0,3.1415926535897927,510.0,570.0,0.5380824208259583,0.5380824208259583,0.0,0.0
266,266,0266.png,20.0,5.0,3.1415926535897927,510.0,390.0,0.5743529200553894,0.5743529200553894,0.5743529200553894,0.0
267,267,0267.png,20.0,5.0,3.1415926535897927,450.0,570.0,0.6088542938232422,0.6088542938232422,0.6088542938232422,0.6088542938232422
268,268,0268.png,20.0,5.0,3.1415926535897927,210.0,270.0,0.5701420307159424,0.5701420307159424,0.5701420307159424,0.0
269,269,0269.png,20.0,5.0,3.1415926535897927,390.0,450.0,0.09069932997226715,0.09069932997226715,0.09069932997226715,0.09069932997226715
270,270,0270.png,20.0,6.0,3.1415926535897927,210.0,330.0,0.5871598124504089,0.5871598124504089,0.5871598124504089,0.0
271,271,0271.png,20.0,6.0,3.1415926535897927,30.0,330.0,0.5355068445205688,0.5355068445205688,0.5355068445205688,0.0
272,272,0272.png,20.0,6.0,3.1415926535897927,570.0,210.0,0.5244750380516052,0.5244750380516052,0.5244750380516052,0.5244750380516052
273,273,0273.png,20.0,6.0,3.1415926535897927,210.0,210.0,0.0,0.5831020474433899,0.0,0.0
274,274,0274.png,20.0,6.0,3.1415926535897927,30.0,510.0,0.5226923227310181,0.5226923227310181,0.0,0.0
275,275,0275.png,20.0,6.0,3.1415926535897927,450.0,30.0,0.566310703754425,0.566310703754425,0.0,0.0
276,276,0276.png,20.0,6.0,3.1415926535897927,390.0,390.0,0.5780614018440247,0.5780614018440247,0.5780614018440247,0.0
277,277,0277.png,20.0,6.0,3.1415926535897927,30.0,210.0,0.5224336385726929,0.5224336385726929,0.5224336385726929,0.5224336385726929
278,278,0278.png,20.0,6.0,3.1415926535897927,570.0,150.0,0.48593226075172424,0.48593226075172424,0.48593226075172424,0.48593226075172424
279,279,0279.png,20.0,6.0,3.1415926535897927,510.0,270.0,0.5873420834541321,0.5873420834541321,0.5873420834541321,0.0
280,280,0280.png,20.0,7.0,3.1415926535897927,150.0,210.0,0.0,0.0,0.0,0.10208172351121902
281,281,0281.png,20.0,7.0,3.1415926535897927,390.0,510.0,0.0,0.0,0.0,0.05799376964569092
282,282,0282.png,20.0,7.0,3.1415926535897927,450.0,450.0,0.5562710165977478,0.5562710165977478,0.5562710165977478,0.0
283,283,0283.png,20.0,7.0,3.1415926535897927,390.0,30.0,0.6191902160644531,0.6191902160644531,0.6191902160644531,0.0
284,284,0284.png,20.0,7.0,3.1415926535897927,150.0,270.0,0.564591646194458,0.564591646194458,0.564591646194458,0.0
285,285,0285.png,20.0,7.0,3.1415926535897927,90.0,210.0,0.6563720107078552,0.6563720107078552,0.6563720107078552,0.0
286,286,0286.png,20.0,7.0,3.1415926535897927,570.0,570.0,0.5675462484359741,0.5675462484359741,0.5675462484359741,0.5675462484359741
287,287,0287.png,20.0,7.0,3.1415926535897927,210.0,570.0,0.0,0.0,0.0,0.0
288,288,0288.png,20.0,7.0,3.1415926535897927,270.0,30.0,0.6093095541000366,0.6093095541000366,0.6093095541000366,0.0
289,289,0289.png,20.0,7.0,3.1415926535897927,330.0,270.0,0.03395542874932289,0.03395542874932289,0.03395542874932289,0.03395542874932289
290,290,0290.png,20.0,8.0,3.1415926535897927,570.0,570.0,0.5620197653770447,0.5620197653770447,0.5620197653770447,0.5620197653770447
291,291,0291.png,20.0,8.0,3.1415926535897927,30.0,270.0,0.5141623616218567,0.5141623616218567,0.0,0.0
292,292,0292.png,20.0,8.0,3.1415926535897927,90.0,510.0,0.025097692385315895,0.025097692385315895,0.025097692385315895,0.025097692385315895
293,293,0293.png,20.0,8.0,3.1415926535897927,330.0,390.0,0.5642409324645996,0.5642409324645996,0.5642409324645996,0.0
294,294,0294.png,20.0,8.0,3.1415926535897927,150.0,90.0,0.5655769109725952,0.5655769109725952,0.0,0.0
295,295,0295.png,20.0,8.0,3.1415926535897927,90.0,270.0,0.12292740494012833,0.12292740494012833,0.12292740494012833,0.12292740494012833
296,296,0296.png,20.0,8.0,3.1415926535897927,570.0,510.0,0.533756673336029,0.533756673336029,0.533756673336029,0.533756673336029
297,297,0297.png,20.0,8.0,3.1415926535897927,30.0,450.0,0.5342167615890503,0.5342167615890503,0.0,0.0
298,298,0298.png,20.0,8.0,3.1415926535897927,330.0,390.0,0.19363977015018463,0.19363977015018463,0.0,0.0
299,299,0299.png,20.0,8.0,3.1415926535897927,270.0,30.0,0.6257458329200745,0.6257458329200745,0.6257458329200745,0.0
300,300,0300.png,20.0,3.0,3.5342917352885173,210.0,270.0,0.5604420304298401,0.5604420304298401,0.5604420304298401,0.0
301,301,0301.png,20.0,3.0,3.5342917352885173,570.0,330.0,0.6329978108406067,0.6329978108406067,0.6329978108406067,0.6329978108406067
302,302,0302.png,20.0,3.0,3.5342917352885173,150.0,30.0,0.6292211413383484,0.6292211413383484,0.6292211413383484,0.6292211413383484
303,303,0303.png,20.0,3.0,3.5342917352885173,450.0,330.0,0.5947655439376831,0.5947655439376831,0.5947655439376831,0.5947655439376831
304,304,0304.png,20.0,3.0,3.5342917352885173,510.0,390.0,0.5346028804779053,0.5346028804779053,0.5346028804779053,0.5346028804779053
305,305,0305.png,20.0,3.0,3.5342917352885173,510.0,90.0,0.07669378817081451,0.07669378817081451,0.07669378817081451,0.0
306,306,0306.png,20.0,3.0,3.5342917352885173,510.0,30.0,0.664668083190918,0.664668083190918,0.664668083190918,0.664668083190918
307,307,0307.png,20.0,3.0,3.5342917352885173,210.0,270.0,0.5385890603065491,0.5385890603065491,0.5385890603065491,0.5385890603065491
308,308,0308.png,20.0,3.0,3.5342917352885173,210.0,330.0,0.5938035845756531,0.5938035845756531,0.5938035845756531,0.0
309,309,0309.png,20.0,3.0,3.5342917352885173,330.0,270.0,0.5605213642120361,0.5605213642120361,0.5605213642120361,0.0
310,310,0310.png,20.0,4.0,3.5342917352885173,330.0,570.0,0.5776660442352295,0.5776660442352295,0.5776660442352295,0.5776660442352295
311,311,0311.png,20.0,4.0,3.5342917352885173,510.0,570.0,0.5769742131233215,0.5769742131233215,0.5769742131233215,0.5769742131233215
312,312,0312.png,20.0,4.0,3.5342917352885173,510.0,330.0,0.618030846118927,0.618030846118927,0.618030846118927,0.618030846118927
313,313,0313.png,20.0,4.0,3.5342917352885173,390.0,510.0,0.03340298682451248,0.03340298682451248,0.03340298682451248,0.03340298682451248
314,314,0314.png,20.0,4.0,3.5342917352885173,210.0,150.0,0.557947039604187,0.557947039604187,0.557947039604187,0.0
315,315,0315.png,20.0,4.0,3.5342917352885173,210.0,210.0,0.09759964793920517,0.09759964793920517,0.09759964793920517,0.09759964793920517
316,316,0316.png,20.0,4.0,3.5342917352885173,210.0,330.0,0.5571038126945496,0.5571038126945496,0.5571038126945496,0.0
317,317,0317.png,20.0,4.0,3.5342917352885173,150.0,30.0,0.6330594420433044,0.6330594420433044,0.6330594420433044,0.6330594420433044
318,318,0318.png,20.0,4.0,3.5342917352885173,510.0,390.0,0.5602695941925049,0.5602695941925049,0.5602695941925049,0.5602695941925049
319,319,0319.png,20.0,4.0,3.5342917352885173,30.0,450.0,0.6839305758476257,0.6839305758476257,0.6839305758476257,0.0
320,320,0320.png,20.0,5.0,3.5342917352885173,150.0,570.0,0.555950403213501,0.555950403213501,0.555950403213501,0.555950403213501
321,321,0321.png,20.0,5.0,3.5342917352885173,90.0,210.0,0.6683711409568787,0.6683711409568787,0.6683711409568787,0.0
322,322,0322.png,20.0,5.0,3.5342917352885173,390.0,450.0,0.5480618476867676,0.5480618476867676,0.5480618476867676,0.0
323,323,0323.png,20.0,5.0,3.5342917352885173,330.0,90.0,0.5485398173332214,0.5485398173332214,0.5485398173332214,0.0
324,324,0324.png,20.0,5.0,3.5342917352885173,210.0,510.0,0.0,0.5425446033477783,0.0,0.0
325,325,0325.png,20.0,5.0,3.5342917352885173,30.0,330.0,0.6802119016647339,0.6802119016647339,0.0,0.0
326,326,0326.png,20.0,5.0,3.5342917352885173,270.0,510.0,0.61783367395401,0.61783367395401,0.61783367395401,0.0
327,327,0327.png,20.0,5.0,3.5342917352885173,510.0,90.0,0.6228674650192261,0.6228674650192261,0.6228674650192261,0.0
328,328,0328.png,20.0,5.0,3.5342917352885173,510.0,510.0,0.6285706758499146,0.6285706758499146,0.6285706758499146,0.0
329,329,0329.png,20.0,5.0,3.5342917352885173,270.0,270.0,0.6323959231376648,0.6323959231376648,0.6323959231376648,0.0
330,330,0330.png,20.0,6.0,3.5342917352885173,150.0,570.0,0.5651136636734009,0.5651136636734009,0.5651136636734009,0.5651136636734009
331,331,0331.png,20.0,6.0,3.5342917352885173,510.0,210.0,0.6274698972702026,0.6274698972702026,0.6274698972702026,0.0
332,332,0332.png,20.0,6.0,3.5342917352885173,150.0,90.0,0.6017528772354126,0.6017528772354126,0.6017528772354126,0.0
333,333,0333.png,20.0,6.0,3.5342917352885173,510.0,30.0,0.6674096584320068,0.6674096584320068,0.6674096584320068,0.0
334,334,0334.png,20.0,6.0,3.5342917352885173,330.0,570.0,0.5787236094474792,0.5787236094474792,0.5787236094474792,0.5787236094474792
335,335,0335.png,20.0,6.0,3.5342917352885173,90.0,330.0,0.6355357766151428,0.6355357766151428,0.6355357766151428,0.0
336,336,0336.png,20.0,6.0,3.5342917352885173,150.0,270.0,0.5951626896858215,0.5951626896858215,0.5951626896858215,0.0
337,337,0337.png,20.0,6.0,3.5342917352885173,450.0,390.0,0.0,0.5601803660392761,0.0,0.0
338,338,0338.png,20.0,6.0,3.5342917352885173,510.0,210.0,0.0,0.6597622036933899,0.0,0.0
339,339,0339.png,20.0,6.0,3.5342917352885173,510.0,30.0,0.6664854884147644,0.6664854884147644,0.6664854884147644,0.0
340,340,0340.png,20.0,7.0,3.5342917352885173,210.0,210.0,0.6304600834846497,0.6304600834846497,0.6304600834846497,0.0
341,341,0341.png,20.0,7.0,3.5342917352885173,330.0,330.0,0.0,0.6226093173027039,0.0,0.0
342,342,0342.png,20.0,7.0,3.5342917352885173,150.0,510.0,0.6194799542427063,0.6194799542427063,0.6194799542427063,0.0
343,343,0343.png,20.0,7.0,3.5342917352885173,450.0,270.0,0.6324462294578552,0.6324462294578552,0.0,0.0
344,344,0344.png,20.0,7.0,3.5342917352885173,450.0,450.0,0.0,0.5877669453620911,0.0,0.0
345,345,0345.png,20.0,7.0,3.5342917352885173,270.0,390.0,0.5360656976699829,0.5360656976699829,0.5360656976699829,0.0
346,346,0346.png,20.0,7.0,3.5342917352885173,90.0,90.0,0.0,0.6641378998756409,0.0,0.0
347,347,0347.png,20.0,7.0,3.5342917352885173,570.0,270.0,0.0,0.6165294647216797,0.0,0.0
348,348,0348.png,20.0,7.0,3.5342917352885173,450.0,210.0,0.5866472125053406,0.5866472125053406,0.5866472125053406,0.0
349,349,0349.png,20.0,7.0,3.5342917352885173,30.0,30.0,0.6429685354232788,0.6429685354232788,0.6429685354232788,0.6429685354232788
350,350,0350.png,20.0,8.0,3.5342917352885173,570.0,510.0,0.6045945286750793,0.6045945286750793,0.6045945286750793,0.0
351,351,0351.png,20.0,8.0,3.5342917352885173,330.0,150.0,0.5533968210220337,0.5533968210220337,0.0,0.0
352,352,0352.png,20.0,8.0,3.5342917352885173,330.0,570.0,0.5771279335021973,0.5771279335021973,0.5771279335021973,0.5771279335021973
353,353,0353.png,20.0,8.0,3.5342917352885173,510.0,210.0,0.630656898021698,0.630656898021698,0.0,0.0
354,354,0354.png,20.0,8.0,3.5342917352885173,30.0,570.0,0.6596906185150146,0.6596906185150146,0.6596906185150146,0.6596906185150146
355,355,0355.png,20.0,8.0,3.5342917352885173,30.0,330.0,0.07219745963811874,0.07219745963811874,0.07219745963811874,0.07219745963811874
356,356,0356.png,20.0,8.0,3.5342917352885173,570.0,90.0,0.6490393280982971,0.6490393280982971,0.6490393280982971,0.0
357,357,0357.png,20.0,8.0,3.5342917352885173,150.0,510.0,0.6183143258094788,0.6183143258094788,0.6183143258094788,0.0
358,358,0358.png,20.0,8.0,3.5342917352885173,210.0,270.0,0.0,0.6322354674339294,0.0,0.0
359,359,0359.png,20.0,8.0,3.5342917352885173,30.0,510.0,0.6345964074134827,0.6345964074134827,0.0,0.0
360,360,0360.png,20.0,3.0,3.9269908169872414,390.0,570.0,0.49550196528434753,0.49550196528434753,0.49550196528434753,0.49550196528434753
361,361,0361.png,20.0,3.0,3.9269908169872414,450.0,30.0,0.6812011003494263,0.6812011003494263,0.6812011003494263,0.6812011003494263
362,362,0362.png,20.0,3.0,3.9269908169872414,150.0,450.0,0.4890804588794708,0.4890804588794708,0.4890804588794708,0.4890804588794708
363,363,0363.png,20.0,3.0,3.9269908169872414,450.0,90.0,0.50175541639328,0.50175541639328,0.50175541639328,0.0
364,364,0364.png,20.0,3.0,3.9269908169872414,330.0,570.0,0.47333598136901855,0.47333598136901855,0.47333598136901855,0.47333598136901855
365,365,0365.png,20.0,3.0,3.9269908169872414,330.0,90.0,0.49941033124923706,0.49941033124923706,0.49941033124923706,0.0
366,366,0366.png,20.0,3.0,3.9269908169872414,30.0,510.0,0.03762640431523323,0.03762640431523323,0.03762640431523323,0.03762640431523323
367,367,0367.png,20.0,3.0,3.9269908169872414,210.0,330.0,0.4540580213069916,0.4540580213069916,0.4540580213069916,0.0
368,368,0368.png,20.0,3.0,3.9269908169872414,330.0,390.0,0.5126316547393799,0.5126316547393799,0.5126316547393799,0.5126316547393799
369,369,0369.png,20.0,3.0,3.9269908169872414,270.0,390.0,0.49768757820129395,0.49768757820129395,0.49768757820129395,0.0
370,370,0370.png,20.0,4.0,3.9269908169872414,270.0,90.0,0.5213714838027954,0.5213714838027954,0.5213714838027954,0.0
371,371,0371.png,20.0,4.0,3.9269908169872414,450.0,390.0,0.5286885499954224,0.5286885499954224,0.5286885499954224,0.0
372,372,0372.png,20.0,4.0,3.9269908169872414,450.0,450.0,0.45497360825538635,0.45497360825538635,0.45497360825538635,0.0
373,373,0373.png,20.0,4.0,3.9269908169872414,450.0,390.0,0.0,0.0,0.0,0.0
374,374,0374.png,20.0,4.0,3.9269908169872414,450.0,210.0,0.5257387161254883,0.5257387161254883,0.5257387161254883,0.0
375,375,0375.png,20.0,4.0,3.9269908169872414,270.0,90.0,0.4639896750450134,0.4639896750450134,0.4639896750450134,0.0
376,376,0376.png,20.0,4.0,3.9269908169872414,510.0,330.0,0.48127827048301697,0.48127827048301697,0.48127827048301697,0.0
377,377,0377.png,20.0,4.0,3.9269908169872414,450.0,390.0,0.45396673679351807,0.45396673679351807,0.45396673679351807,0.0
378,378,0378.png,20.0,4.0,3.9269908169872414,570.0,30.0,0.5956050753593445,0.5956050753593445,0.5956050753593445,0.0
379,379,0379.png,20.0,4.0,3.9269908169872414,90.0,270.0,0.4999183714389801,0.4999183714389801,0.4999183714389801,0.0
380,380,0380.png,20.0,5.0,3.9269908169872414,270.0,570.0,0.5599554777145386,0.5599554777145386,0.5599554777145386,0.5599554777145386
381,381,0381.png,20.0,5.0,3.9269908169872414,150.0,150.0,0.5134234428405762,0.5134234428405762,0.5134234428405762,0.0
382,382,0382.png,20.0,5.0,3.9269908169872414,210.0,510.0,0.48475393652915955,0.48475393652915955,0.0,0.0
383,383,0383.png,20.0,5.0,3.9269908169872414,150.0,150.0,0.49598053097724915,0.49598053097724915,0.49598053097724915,0.49598053097724915
384,384,0384.png,20.0,5.0,3.9269908169872414,90.0,510.0,0.5296145081520081,0.5296145081520081,0.5296145081520081,0.0
385,385,0385.png,20.0,5.0,3.9269908169872414,150.0,30.0,0.6220889687538147,0.6220889687538147,0.6220889687538147,0.0
386,386,0386.png,20.0,5.0,3.9269908169872414,390.0,270.0,0.48304978013038635,0.48304978013038635,0.48304978013038635,0.0
387,387,0387.png,20.0,5.0,3.9269908169872414,330.0,330.0,0.022529061883687973,0.022529061883687973,0.022529061883687973,0.022529061883687973
388,388,0388.png,20.0,5.0,3.9269908169872414,330.0,570.0,0.535263180732727,0.535263180732727,0.535263180732727,0.535263180732727
389,389,0389.png,20.0,5.0,3.9269908169872414,450.0,210.0,0.5366653203964233,0.5366653203964233,0.5366653203964233,0.0
390,390,0390.png,20.0,6.0,3.9269908169872414,570.0,330.0,0.5967652797698975,0.5967652797698975,0.5967652797698975,0.0
391,391,0391.png,20.0,6.0,3.9269908169872414,270.0,390.0,0.09527157992124557,0.09527157992124557,0.09527157992124557,0.09527157992124557
392,392,0392.png,20.0,6.0,3.9269908169872414,330.0,150.0,0.5184985399246216,0.5184985399246216,0.5184985399246216,0.0
393,393,0393.png,20.0,6.0,3.9269908169872414,30.0,210.0,0.7524908185005188,0.7524908185005188,0.7524908185005188,0.0
394,394,0394.png,20.0,6.0,3.9269908169872414,150.0,390.0,0.4702369272708893,0.4702369272708893,0.4702369272708893,0.0
395,395,0395.png,20.0,6.0,3.9269908169872414,510.0,90.0,0.4993187189102173,0.4993187189102173,0.0,0.0
396,396,0396.png,20.0,6.0,3.9269908169872414,90.0,570.0,0.658161997795105,0.658161997795105,0.658161997795105,0.658161997795105
397,397,0397.png,20.0,6.0,3.9269908169872414,330.0,210.0,0.4760209918022156,0.4760209918022156,0.4760209918022156,0.0
398,398,0398.png,20.0,6.0,3.9269908169872414,450.0,390.0,0.528629720211029,0.528629720211029,0.0,0.0
399,399,0399.png,20.0,6.0,3.9269908169872414,270.0,510.0,0.5123829245567322,0.5123829245567322,0.5123829245567322,0.0
400,400,0400.png,20.0,7.0,3.9269908169872414,270.0,270.0,0.5471271276473999,0.5471271276473999,0.5471271276473999,0.0
401,401,0401.png,20.0,7.0,3.9269908169872414,210.0,570.0,0.49524980783462524,0.49524980783462524,0.49524980783462524,0.0
402,402,0402.png,20.0,7.0,3.9269908169872414,390.0,330.0,0.5188874006271362,0.5188874006271362,0.5188874006271362,0.0
403,403,0403.png,20.0,7.0,3.9269908169872414,90.0,90.0,0.5092623233795166,0.5092623233795166,0.0,0.0
404,404,0404.png,20.0,7.0,3.9269908169872414,570.0,570.0,0.06858628243207932,0.06858628243207932,0.06858628243207932,0.06858628243207932
405,405,0405.png,20.0,7.0,3.9269908169872414,390.0,510.0,0.49285608530044556,0.49285608530044556,0.49285608530044556,0.0
406,406,0406.png,20.0,7.0,3.9269908169872414,210.0,390.0,0.5335850119590759,0.5335850119590759,0.0,0.0
407,407,0407.png,20.0,7.0,3.9269908169872414,150.0,330.0,0.5419681072235107,0.5419681072235107,0.5419681072235107,0.0
408,408,0408.png,20.0,7.0,3.9269908169872414,510.0,30.0,0.6383193135261536,0.6383193135261536,0.0,0.0
409,409,0409.png,20.0,7.0,3.9269908169872414,210.0,570.0,0.4284030497074127,0.4284030497074127,0.0,0.0
410,410,0410.png,20.0,8.0,3.9269908169872414,30.0,30.0,0.8009377121925354,0.8009377121925354,0.0,0.0
411,411,0411.png,20.0,8.0,3.9269908169872414,270.0,270.0,0.5495771765708923,0.5495771765708923,0.0,0.0
412,412,0412.png,20.0,8.0,3.9269908169872414,270.0,270.0,0.5493709444999695,0.5493709444999695,0.5493709444999695,0.0
413,413,0413.png,20.0,8.0,3.9269908169872414,90.0,330.0,0.07914017885923386,0.07914017885923386,0.0,0.0
414,414,0414.png,20.0,8.0,3.9269908169872414,270.0,270.0,0.47009655833244324,0.47009655833244324,0.47009655833244324,0.0
415,415,0415.png,20.0,8.0,3.9269908169872414,30.0,510.0,0.7565180659294128,0.7565180659294128,0.7565180659294128,0.0
416,416,0416.png,20.0,8.0,3.9269908169872414,510.0,450.0,0.5783683061599731,0.5783683061599731,0.0,0.0
417,417,0417.png,20.0,8.0,3.9269908169872414,330.0,90.0,0.00909013208001852,0.00909013208001852,0.00909013208001852,0.00909013208001852
418,418,0418.png,20.0,8.0,3.9269908169872414,390.0,510.0,0.0,0.0,0.0,0.0
419,419,0419.png,20.0,8.0,3.9269908169872414,30.0,330.0,0.6922345161437988,0.6922345161437988,0.6922345161437988,0.0
420,420,0420.png,20.0,3.0,4.319689898685965,270.0,270.0,0.6048420071601868,0.6048420071601868,0.6048420071601868,0.6048420071601868
421,421,0421.png,20.0,3.0,4.319689898685965,210.0,390.0,0.011287542060017586,0.0,0.011287542060017586,0.0
422,422,0422.png,20.0,3.0,4.319689898685965,450.0,210.0,0.5997113585472107,0.5997113585472107,0.5997113585472107,0.5997113585472107
423,423,0423.png,20.0,3.0,4.319689898685965,90.0,30.0,0.6363237500190735,0.6363237500190735,0.6363237500190735,0.0
424,424,0424.png,20.0,3.0,4.319689898685965,570.0,150.0,0.6357294321060181,0.6357294321060181,0.6357294321060181,0.6357294321060181
425,425,0425.png,20.0,3.0,4.319689898685965,210.0,330.0,0.5225356221199036,0.5225356221199036,0.5225356221199036,0.0
426,426,0426.png,20.0,3.0,4.319689898685965,150.0,150.0,0.0,0.0,0.5018468499183655,0.5018468499183655
427,427,0427.png,20.0,3.0,4.319689898685965,30.0,210.0,0.6182960271835327,0.6182960271835327,0.6182960271835327,0.0
428,428,0428.png,20.0,3.0,4.319689898685965,150.0,450.0,0.0,0.0,0.054733335971832275,0.054733335971832275
429,429,0429.png,20.0,3.0,4.319689898685965,510.0,30.0,0.6802173852920532,0.6802173852920532,0.6802173852920532,0.6802173852920532
430,430,0430.png,20.0,4.0,4.319689898685965,450.0,270.0,0.5786794424057007,0.5786794424057007,0.5786794424057007,0.0
431,431,0431.png,20.0,4.0,4.319689898685965,210.0,210.0,0.5628658533096313,0.5628658533096313,0.5628658533096313,0.0
432,432,0432.png,20.0,4.0,4.319689898685965,30.0,450.0,0.6038938164710999,0.6038938164710999,0.6038938164710999,0.0
433,433,0433.png,20.0,4.0,4.319689898685965,150.0,90.0,0.614575982093811,0.614575982093811,0.614575982093811,0.0
434,434,0434.png,20.0,4.0,4.319689898685965,570.0,390.0,0.6922552585601807,0.6922552585601807,0.6922552585601807,0.6922552585601807
435,435,0435.png,20.0,4.0,4.319689898685965,270.0,330.0,0.5325213670730591,0.5325213670730591,0.5325213670730591,0.5325213670730591
436,436,0436.png,20.0,4.0,4.319689898685965,330.0,570.0,0.5587771534919739,0.5587771534919739,0.5587771534919739,0.5587771534919739
437,437,0437.png,20.0,4.0,4.319689898685965,210.0,330.0,0.6170092225074768,0.6170092225074768,0.0,0.0
438,438,0438.png,20.0,4.0,4.319689898685965,390.0,510.0,0.5563771724700928,0.5563771724700928,0.5563771724700928,0.0
439,439,0439.png,20.0,4.0,4.319689898685965,270.0,330.0,0.4899943470954895,0.4899943470954895,0.4899943470954895,0.4899943470954895
440,440,0440.png,20.0,5.0,4.319689898685965,510.0,570.0,0.5564020872116089,0.5564020872116089,0.5564020872116089,0.0
441,441,0441.png,20.0,5.0,4.319689898685965,510.0,210.0,0.5020596981048584,0.5020596981048584,0.5020596981048584,0.0
442,442,0442.png,20.0,5.0,4.319689898685965,390.0,450.0,0.0,0.5365434885025024,0.0,0.0
443,443,0443.png,20.0,5.0,4.319689898685965,570.0,270.0,0.7013475894927979,0.7013475894927979,0.7013475894927979,0.7013475894927979
444,444,0444.png,20.0,5.0,4.319689898685965,210.0,570.0,0.6105620861053467,0.6105620861053467,0.6105620861053467,0.6105620861053467
445,445,0445.png,20.0,5.0,4.319689898685965,150.0,30.0,0.6170982122421265,0.6170982122421265,0.6170982122421265,0.0
446,446,0446.png,20.0,5.0,4.319689898685965,30.0,450.0,0.6270661354064941,0.6270661354064941,0.6270661354064941,0.0
447,447,0447.png,20.0,5.0,4.319689898685965,90.0,570.0,0.7306997179985046,0.7306997179985046,0.7306997179985046,0.7306997179985046
448,448,0448.png,20.0,5.0,4.319689898685965,570.0,30.0,0.7320864200592041,0.7320864200592041,0.7320864200592041,0.0
449,449,0449.png,20.0,5.0,4.319689898685965,390.0,30.0,0.0,0.5924272537231445,0.0,0.0
450,450,0450.png,20.0,6.0,4.319689898685965,510.0,150.0,0.5717360377311707,0.5717360377311707,0.5717360377311707,0.0
451,451,0451.png,20.0,6.0,4.319689898685965,270.0,150.0,0.0,0.0,0.0,0.0
452,452,0452.png,20.0,6.0,4.319689898685965,510.0,570.0,0.5688527226448059,0.5688527226448059,0.5688527226448059,0.5688527226448059
453,453,0453.png,20.0,6.0,4.319689898685965,390.0,570.0,0.10269904136657715,0.10269904136657715,0.10269904136657715,0.10269904136657715
454,454,0454.png,20.0,6.0,4.319689898685965,390.0,30.0,0.5918228626251221,0.5918228626251221,0.5918228626251221,0.0
455,455,0455.png,20.0,6.0,4.319689898685965,570.0,90.0,0.6774391531944275,0.6774391531944275,0.6774391531944275,0.6774391531944275
456,456,0456.png,20.0,6.0,4.319689898685965,450.0,210.0,0.0,0.0,0.0,0.0
457,457,0457.png,20.0,6.0,4.319689898685965,150.0,450.0,0.55103999376297,0.55103999376297,0.0,0.0
458,458,0458.png,20.0,6.0,4.319689898685965,210.0,90.0,0.670628547668457,0.670628547668457,0.0,0.0
459,459,0459.png,20.0,6.0,4.319689898685965,210.0,570.0,0.6622298359870911,0.6622298359870911,0.6622298359870911,0.6622298359870911
460,460,0460.png,20.0,7.0,4.319689898685965,570.0,210.0,0.015437677502632141,0.015437677502632141,0.015437677502632141,0.015437677502632141
461,461,0461.png,20.0,7.0,4.319689898685965,30.0,390.0,0.0,0.7101540565490723,0.0,0.0
462,462,0462.png,20.0,7.0,4.319689898685965,90.0,150.0,0.5538555383682251,0.5538555383682251,0.0,0.0
463,463,0463.png,20.0,7.0,4.319689898685965,510.0,390.0,0.5787352323532104,0.5787352323532104,0.5787352323532104,0.0
464,464,0464.png,20.0,7.0,4.319689898685965,450.0,150.0,0.6297594904899597,0.6297594904899597,0.6297594904899597,0.0
465,465,0465.png,20.0,7.0,4.319689898685965,570.0,30.0,0.7273815274238586,0.7273815274238586,0.7273815274238586,0.7273815274238586
466,466,0466.png,20.0,7.0,4.319689898685965,510.0,330.0,0.0,0.0,0.0,0.0
467,467,0467.png,20.0,7.0,4.319689898685965,390.0,450.0,0.5387547016143799,0.5387547016143799,0.5387547016143799,0.5387547016143799
468,468,0468.png,20.0,7.0,4.319689898685965,210.0,390.0,0.06616756319999695,0.06616756319999695,0.06616756319999695,0.0
469,469,0469.png,20.0,7.0,4.319689898685965,150.0,90.0,0.0879182443022728,0.0879182443022728,0.0879182443022728,0.0879182443022728
470,470,0470.png,20.0,8.0,4.319689898685965,90.0,510.0,0.0,0.537477433681488,0.0,0.0
471,471,0471.png,20.0,8.0,4.319689898685965,30.0,150.0,0.7297568321228027,0.7297568321228027,0.7297568321228027,0.0
472,472,0472.png,20.0,8.0,4.319689898685965,90.0,510.0,0.01013968512415886,0.01013968512415886,0.01013968512415886,0.0
473,473,0473.png,20.0,8.0,4.319689898685965,390.0,570.0,0.6057838797569275,0.6057838797569275,0.6057838797569275,0.6057838797569275
474,474,0474.png,20.0,8.0,4.319689898685965,30.0,570.0,0.8018025755882263,0.8018025755882263,0.8018025755882263,0.0
475,475,0475.png,20.0,8.0,4.319689898685965,150.0,330.0,0.6117499470710754,0.6117499470710754,0.0,0.0
476,476,0476.png,20.0,8.0,4.319689898685965,330.0,150.0,0.6582295298576355,0.6582295298576355,0.0,0.0
477,477,0477.png,20.0,8.0,4.319689898685965,150.0,450.0,0.5576180219650269,0.5576180219650269,0.5576180219650269,0.0
478,478,0478.png,20.0,8.0,4.319689898685965,90.0,90.0,0.0,0.0,0.0,0.12797734141349792
479,479,0479.png,20.0,8.0,4.319689898685965,210.0,150.0,0.6325200796127319,0.6325200796127319,0.6325200796127319,0.0
