,Unnamed: 0,image_file_name,item_radius,num_item,target_angle,target_x,target_y,iou_conv1_poolsize8,iou_conv2_poolsize8,iou_conv3_poolsize8,iou_conv4_poolsize8,iou_conv5_poolsize8
0,0,0000.png,20.0,3.0,1.5707963267948966,570.0,390.0,0.0,0.0,0.0,0.0,0.0
1,1,0001.png,20.0,3.0,1.5707963267948966,150.0,510.0,0.0,0.0,0.0,0.0,0.0
2,2,0002.png,20.0,3.0,1.5707963267948966,90.0,330.0,0.0,0.0,0.0,0.0,0.0
3,3,0003.png,20.0,3.0,1.5707963267948966,90.0,570.0,0.0,0.2391248345375061,0.0,0.0,0.0
4,4,0004.png,20.0,3.0,1.5707963267948966,570.0,90.0,0.0,0.2598888576030731,0.0,0.0,0.0
5,5,0005.png,20.0,3.0,1.5707963267948966,90.0,90.0,0.0,0.0,0.0,0.0,0.0
6,6,0006.png,20.0,3.0,1.5707963267948966,270.0,30.0,0.21737195551395416,0.2660091817378998,0.0,0.0,0.0
7,7,0007.png,20.0,3.0,1.5707963267948966,510.0,30.0,0.21747426688671112,0.21747426688671112,0.0,0.0,0.0
8,8,0008.png,20.0,3.0,1.5707963267948966,330.0,90.0,0.0,0.0,0.0,0.0,0.0
9,9,0009.png,20.0,3.0,1.5707963267948966,30.0,390.0,0.0,0.0,0.0,0.0,0.0
10,10,0010.png,20.0,4.0,1.5707963267948966,270.0,450.0,0.0,0.0,0.0,0.0,0.0
11,11,0011.png,20.0,4.0,1.5707963267948966,30.0,570.0,0.0,0.0,0.0,0.0,0.0
12,12,0012.png,20.0,4.0,1.5707963267948966,90.0,90.0,0.0,0.0,0.0,0.0,0.0
13,13,0013.png,20.0,4.0,1.5707963267948966,210.0,510.0,0.0,0.0,0.0,0.0,0.0
14,14,0014.png,20.0,4.0,1.5707963267948966,450.0,510.0,0.0,0.0,0.0,0.0,0.0
15,15,0015.png,20.0,4.0,1.5707963267948966,150.0,510.0,0.0,0.0,0.0,0.0,0.0
16,16,0016.png,20.0,4.0,1.5707963267948966,570.0,570.0,0.32774993777275085,0.4645942747592926,0.4645942747592926,0.0,0.0
17,17,0017.png,20.0,4.0,1.5707963267948966,570.0,450.0,0.0,0.0,0.0,0.0,0.0
18,18,0018.png,20.0,4.0,1.5707963267948966,270.0,210.0,0.0,0.0,0.0,0.0,0.0
19,19,0019.png,20.0,4.0,1.5707963267948966,330.0,270.0,0.0,0.0,0.0,0.0,0.0
20,20,0020.png,20.0,5.0,1.5707963267948966,270.0,570.0,0.0,0.0,0.0,0.0,0.0
21,21,0021.png,20.0,5.0,1.5707963267948966,150.0,90.0,0.0,0.0,0.0,0.0,0.0
22,22,0022.png,20.0,5.0,1.5707963267948966,390.0,210.0,0.0,0.0,0.0,0.0,0.0
23,23,0023.png,20.0,5.0,1.5707963267948966,210.0,30.0,0.0,0.32301056385040283,0.0,0.0,0.0
24,24,0024.png,20.0,5.0,1.5707963267948966,210.0,330.0,0.0,0.0,0.0,0.0,0.0
25,25,0025.png,20.0,5.0,1.5707963267948966,510.0,390.0,0.0,0.0,0.0,0.0,0.0
26,26,0026.png,20.0,5.0,1.5707963267948966,30.0,390.0,0.0,0.0,0.0,0.0,0.0
27,27,0027.png,20.0,5.0,1.5707963267948966,450.0,90.0,0.0,0.0,0.0,0.0,0.0
28,28,0028.png,20.0,5.0,1.5707963267948966,570.0,570.0,0.32774993777275085,0.4645942747592926,0.4645942747592926,0.0,0.0
29,29,0029.png,20.0,5.0,1.5707963267948966,150.0,150.0,0.0,0.0,0.0,0.0,0.0
30,30,0030.png,20.0,6.0,1.5707963267948966,30.0,330.0,0.0,0.0,0.0,0.0,0.0
31,31,0031.png,20.0,6.0,1.5707963267948966,390.0,390.0,0.0,0.0,0.0,0.0,0.0
32,32,0032.png,20.0,6.0,1.5707963267948966,30.0,510.0,0.0,0.0,0.0,0.0,0.0
33,33,0033.png,20.0,6.0,1.5707963267948966,330.0,570.0,0.0,0.3806918263435364,0.0,0.0,0.0
34,34,0034.png,20.0,6.0,1.5707963267948966,150.0,390.0,0.0,0.0,0.0,0.0,0.0
35,35,0035.png,20.0,6.0,1.5707963267948966,330.0,570.0,0.0,0.0,0.0,0.0,0.0
36,36,0036.png,20.0,6.0,1.5707963267948966,510.0,510.0,0.0,0.0,0.0,0.0,0.0
37,37,0037.png,20.0,6.0,1.5707963267948966,210.0,390.0,0.0,0.0,0.0,0.0,0.0
38,38,0038.png,20.0,6.0,1.5707963267948966,510.0,210.0,0.0,0.0,0.0,0.0,0.0
39,39,0039.png,20.0,6.0,1.5707963267948966,330.0,270.0,0.0,0.0,0.0,0.0,0.0
40,40,0040.png,20.0,7.0,1.5707963267948966,30.0,330.0,0.0,0.0,0.0,0.0,0.0
41,41,0041.png,20.0,7.0,1.5707963267948966,150.0,330.0,0.0,0.0,0.0,0.0,0.0
42,42,0042.png,20.0,7.0,1.5707963267948966,330.0,210.0,0.0,0.0,0.0,0.0,0.0
43,43,0043.png,20.0,7.0,1.5707963267948966,450.0,150.0,0.0,0.0,0.0,0.0,0.0
44,44,0044.png,20.0,7.0,1.5707963267948966,30.0,450.0,0.0,0.0,0.0,0.0,0.0
45,45,0045.png,20.0,7.0,1.5707963267948966,150.0,450.0,0.0,0.0,0.0,0.0,0.0
46,46,0046.png,20.0,7.0,1.5707963267948966,270.0,330.0,0.0,0.0,0.0,0.0,0.0
47,47,0047.png,20.0,7.0,1.5707963267948966,570.0,150.0,0.0,0.0,0.0,0.0,0.0
48,48,0048.png,20.0,7.0,1.5707963267948966,210.0,270.0,0.0,0.0,0.0,0.0,0.0
49,49,0049.png,20.0,7.0,1.5707963267948966,390.0,150.0,0.0,0.0,0.0,0.0,0.0
50,50,0050.png,20.0,8.0,1.5707963267948966,30.0,330.0,0.0,0.0,0.0,0.0,0.0
51,51,0051.png,20.0,8.0,1.5707963267948966,450.0,270.0,0.0,0.0,0.0,0.0,0.0
52,52,0052.png,20.0,8.0,1.5707963267948966,450.0,330.0,0.0,0.0,0.0,0.0,0.0
53,53,0053.png,20.0,8.0,1.5707963267948966,450.0,270.0,0.0,0.0,0.0,0.0,0.0
54,54,0054.png,20.0,8.0,1.5707963267948966,330.0,210.0,0.0,0.0,0.0,0.0,0.0
55,55,0055.png,20.0,8.0,1.5707963267948966,510.0,450.0,0.0,0.0,0.0,0.0,0.0
56,56,0056.png,20.0,8.0,1.5707963267948966,330.0,150.0,0.0,0.0,0.0,0.0,0.0
57,57,0057.png,20.0,8.0,1.5707963267948966,270.0,390.0,0.0,0.0,0.0,0.0,0.0
58,58,0058.png,20.0,8.0,1.5707963267948966,330.0,210.0,0.0,0.0,0.0,0.0,0.0
59,59,0059.png,20.0,8.0,1.5707963267948966,390.0,510.0,0.0,0.0,0.0,0.0,0.0
60,60,0060.png,20.0,3.0,1.9634954084936207,270.0,390.0,0.0,0.29295894503593445,0.0,0.0,0.0
61,61,0061.png,20.0,3.0,1.9634954084936207,90.0,30.0,0.0,0.25496402382850647,0.0,0.0,0.0
62,62,0062.png,20.0,3.0,1.9634954084936207,450.0,390.0,0.0,0.0,0.0,0.0,0.0
63,63,0063.png,20.0,3.0,1.9634954084936207,210.0,570.0,0.0,0.4301894009113312,0.0,0.0,0.0
64,64,0064.png,20.0,3.0,1.9634954084936207,30.0,210.0,0.0,0.0,0.0,0.0,0.0
65,65,0065.png,20.0,3.0,1.9634954084936207,450.0,90.0,0.0,0.0,0.0,0.0,0.0
66,66,0066.png,20.0,3.0,1.9634954084936207,30.0,150.0,0.0,0.0,0.0,0.0,0.0
67,67,0067.png,20.0,3.0,1.9634954084936207,150.0,90.0,0.0,0.0,0.0,0.0,0.0
68,68,0068.png,20.0,3.0,1.9634954084936207,390.0,210.0,0.0,0.0,0.0,0.0,0.0
69,69,0069.png,20.0,3.0,1.9634954084936207,90.0,570.0,0.0,0.39591410756111145,0.0,0.0,0.0
70,70,0070.png,20.0,4.0,1.9634954084936207,390.0,390.0,0.0,0.0,0.0,0.0,0.0
71,71,0071.png,20.0,4.0,1.9634954084936207,450.0,270.0,0.0,0.0,0.0,0.0,0.0
72,72,0072.png,20.0,4.0,1.9634954084936207,510.0,390.0,0.0,0.0,0.0,0.0,0.0
73,73,0073.png,20.0,4.0,1.9634954084936207,210.0,390.0,0.0,0.0,0.0,0.0,0.0
74,74,0074.png,20.0,4.0,1.9634954084936207,30.0,270.0,0.0,0.0,0.0,0.0,0.0
75,75,0075.png,20.0,4.0,1.9634954084936207,330.0,450.0,0.0,0.2809939980506897,0.0,0.0,0.0
76,76,0076.png,20.0,4.0,1.9634954084936207,30.0,450.0,0.0,0.0,0.0,0.0,0.0
77,77,0077.png,20.0,4.0,1.9634954084936207,450.0,570.0,0.0,0.4301895797252655,0.0,0.0,0.0
78,78,0078.png,20.0,4.0,1.9634954084936207,270.0,30.0,0.0,0.28330767154693604,0.0,0.0,0.0
79,79,0079.png,20.0,4.0,1.9634954084936207,210.0,150.0,0.0,0.0,0.0,0.0,0.0
80,80,0080.png,20.0,5.0,1.9634954084936207,390.0,570.0,0.0,0.39916783571243286,0.0,0.0,0.0
81,81,0081.png,20.0,5.0,1.9634954084936207,90.0,390.0,0.0,0.0,0.0,0.0,0.0
82,82,0082.png,20.0,5.0,1.9634954084936207,210.0,450.0,0.0,0.0,0.0,0.0,0.0
83,83,0083.png,20.0,5.0,1.9634954084936207,90.0,210.0,0.0,0.0,0.0,0.0,0.0
84,84,0084.png,20.0,5.0,1.9634954084936207,90.0,450.0,0.0,0.0,0.0,0.0,0.0
85,85,0085.png,20.0,5.0,1.9634954084936207,450.0,90.0,0.0,0.0,0.0,0.0,0.0
86,86,0086.png,20.0,5.0,1.9634954084936207,570.0,210.0,0.0,0.0,0.0,0.0,0.0
87,87,0087.png,20.0,5.0,1.9634954084936207,210.0,390.0,0.0,0.0,0.0,0.0,0.0
88,88,0088.png,20.0,5.0,1.9634954084936207,150.0,330.0,0.0,0.0,0.0,0.0,0.0
89,89,0089.png,20.0,5.0,1.9634954084936207,510.0,270.0,0.0,0.0,0.0,0.0,0.0
90,90,0090.png,20.0,6.0,1.9634954084936207,390.0,390.0,0.0,0.0,0.0,0.0,0.0
91,91,0091.png,20.0,6.0,1.9634954084936207,210.0,450.0,0.0,0.0,0.0,0.0,0.0
92,92,0092.png,20.0,6.0,1.9634954084936207,210.0,510.0,0.0,0.4034445285797119,0.0,0.0,0.0
93,93,0093.png,20.0,6.0,1.9634954084936207,90.0,570.0,0.0,0.39591410756111145,0.0,0.0,0.0
94,94,0094.png,20.0,6.0,1.9634954084936207,510.0,210.0,0.0,0.0,0.0,0.0,0.0
95,95,0095.png,20.0,6.0,1.9634954084936207,570.0,270.0,0.0,0.0,0.0,0.0,0.0
96,96,0096.png,20.0,6.0,1.9634954084936207,450.0,450.0,0.0,0.0,0.0,0.0,0.0
97,97,0097.png,20.0,6.0,1.9634954084936207,390.0,30.0,0.0,0.12687331438064575,0.0,0.0,0.0
98,98,0098.png,20.0,6.0,1.9634954084936207,510.0,390.0,0.0,0.0,0.0,0.0,0.0
99,99,0099.png,20.0,6.0,1.9634954084936207,270.0,390.0,0.0,0.0,0.0,0.0,0.0
100,100,0100.png,20.0,7.0,1.9634954084936207,330.0,150.0,0.0,0.0,0.0,0.0,0.0
101,101,0101.png,20.0,7.0,1.9634954084936207,510.0,150.0,0.0,0.0,0.0,0.0,0.0
102,102,0102.png,20.0,7.0,1.9634954084936207,210.0,390.0,0.0,0.0,0.0,0.0,0.0
103,103,0103.png,20.0,7.0,1.9634954084936207,390.0,210.0,0.0,0.0,0.0,0.0,0.0
104,104,0104.png,20.0,7.0,1.9634954084936207,330.0,390.0,0.0,0.0,0.0,0.0,0.0
105,105,0105.png,20.0,7.0,1.9634954084936207,390.0,450.0,0.0,0.0,0.0,0.0,0.0
106,106,0106.png,20.0,7.0,1.9634954084936207,450.0,390.0,0.0,0.0,0.0,0.0,0.0
107,107,0107.png,20.0,7.0,1.9634954084936207,450.0,510.0,0.0,0.36321377754211426,0.0,0.0,0.0
108,108,0108.png,20.0,7.0,1.9634954084936207,90.0,330.0,0.0,0.0,0.0,0.0,0.0
109,109,0109.png,20.0,7.0,1.9634954084936207,210.0,390.0,0.0,0.0,0.0,0.0,0.0
110,110,0110.png,20.0,8.0,1.9634954084936207,570.0,270.0,0.0,0.0,0.0,0.0,0.0
111,111,0111.png,20.0,8.0,1.9634954084936207,270.0,30.0,0.0,0.28330767154693604,0.0,0.0,0.0
112,112,0112.png,20.0,8.0,1.9634954084936207,450.0,270.0,0.0,0.0,0.0,0.0,0.0
113,113,0113.png,20.0,8.0,1.9634954084936207,390.0,330.0,0.0,0.0,0.0,0.0,0.0
114,114,0114.png,20.0,8.0,1.9634954084936207,390.0,390.0,0.0,0.0,0.0,0.0,0.0
115,115,0115.png,20.0,8.0,1.9634954084936207,210.0,390.0,0.0,0.0,0.0,0.0,0.0
116,116,0116.png,20.0,8.0,1.9634954084936207,390.0,210.0,0.0,0.0,0.0,0.0,0.0
117,117,0117.png,20.0,8.0,1.9634954084936207,150.0,30.0,0.0,0.12687310576438904,0.0,0.0,0.0
118,118,0118.png,20.0,8.0,1.9634954084936207,30.0,570.0,0.0,0.3396122455596924,0.0,0.0,0.0
119,119,0119.png,20.0,8.0,1.9634954084936207,390.0,330.0,0.0,0.0,0.0,0.0,0.0
120,120,0120.png,20.0,3.0,2.3561944901923453,210.0,510.0,0.0,0.0,0.0,0.0,0.0
121,121,0121.png,20.0,3.0,2.3561944901923453,30.0,150.0,0.0,0.0,0.0,0.0,0.0
122,122,0122.png,20.0,3.0,2.3561944901923453,570.0,510.0,0.0,0.0,0.0,0.0,0.0
123,123,0123.png,20.0,3.0,2.3561944901923453,510.0,450.0,0.0,0.0,0.0,0.0,0.0
124,124,0124.png,20.0,3.0,2.3561944901923453,210.0,270.0,0.0,0.0,0.0,0.0,0.0
125,125,0125.png,20.0,3.0,2.3561944901923453,30.0,450.0,0.0,0.0,0.0,0.0,0.0
126,126,0126.png,20.0,3.0,2.3561944901923453,330.0,210.0,0.0,0.0,0.0,0.0,0.0
127,127,0127.png,20.0,3.0,2.3561944901923453,390.0,270.0,0.0,0.0,0.0,0.0,0.0
128,128,0128.png,20.0,3.0,2.3561944901923453,30.0,390.0,0.0,0.0,0.0,0.0,0.0
129,129,0129.png,20.0,3.0,2.3561944901923453,510.0,450.0,0.0,0.0,0.0,0.0,0.0
130,130,0130.png,20.0,4.0,2.3561944901923453,30.0,450.0,0.0,0.0,0.0,0.0,0.0
131,131,0131.png,20.0,4.0,2.3561944901923453,210.0,570.0,0.0,0.4000784456729889,0.0,0.0,0.0
132,132,0132.png,20.0,4.0,2.3561944901923453,450.0,30.0,0.0,0.11407329887151718,0.0,0.0,0.0
133,133,0133.png,20.0,4.0,2.3561944901923453,390.0,450.0,0.0,0.0,0.0,0.0,0.0
134,134,0134.png,20.0,4.0,2.3561944901923453,150.0,210.0,0.0,0.0,0.0,0.0,0.0
135,135,0135.png,20.0,4.0,2.3561944901923453,150.0,390.0,0.0,0.0,0.0,0.0,0.0
136,136,0136.png,20.0,4.0,2.3561944901923453,90.0,150.0,0.0,0.0,0.0,0.0,0.0
137,137,0137.png,20.0,4.0,2.3561944901923453,30.0,90.0,0.0,0.0,0.0,0.0,0.0
138,138,0138.png,20.0,4.0,2.3561944901923453,510.0,330.0,0.0,0.0,0.0,0.0,0.0
139,139,0139.png,20.0,4.0,2.3561944901923453,390.0,330.0,0.0,0.0,0.0,0.0,0.0
140,140,0140.png,20.0,5.0,2.3561944901923453,510.0,330.0,0.0,0.0,0.0,0.0,0.0
141,141,0141.png,20.0,5.0,2.3561944901923453,150.0,30.0,0.0,0.19759152829647064,0.0,0.0,0.0
142,142,0142.png,20.0,5.0,2.3561944901923453,90.0,390.0,0.0,0.0,0.0,0.0,0.0
143,143,0143.png,20.0,5.0,2.3561944901923453,270.0,150.0,0.0,0.0,0.0,0.0,0.0
144,144,0144.png,20.0,5.0,2.3561944901923453,450.0,270.0,0.0,0.0,0.0,0.0,0.0
145,145,0145.png,20.0,5.0,2.3561944901923453,210.0,150.0,0.0,0.0,0.0,0.0,0.0
146,146,0146.png,20.0,5.0,2.3561944901923453,510.0,270.0,0.0,0.0,0.0,0.0,0.0
147,147,0147.png,20.0,5.0,2.3561944901923453,510.0,30.0,0.0,0.1428513377904892,0.0,0.0,0.0
148,148,0148.png,20.0,5.0,2.3561944901923453,30.0,210.0,0.0,0.0,0.0,0.0,0.0
149,149,0149.png,20.0,5.0,2.3561944901923453,390.0,150.0,0.0,0.0,0.0,0.0,0.0
150,150,0150.png,20.0,6.0,2.3561944901923453,510.0,150.0,0.0,0.0,0.0,0.0,0.0
151,151,0151.png,20.0,6.0,2.3561944901923453,210.0,390.0,0.0,0.0,0.0,0.0,0.0
152,152,0152.png,20.0,6.0,2.3561944901923453,210.0,330.0,0.0,0.0,0.0,0.0,0.0
153,153,0153.png,20.0,6.0,2.3561944901923453,450.0,150.0,0.0,0.0,0.0,0.0,0.0
154,154,0154.png,20.0,6.0,2.3561944901923453,90.0,270.0,0.0,0.0,0.0,0.0,0.0
155,155,0155.png,20.0,6.0,2.3561944901923453,90.0,450.0,0.0,0.0,0.0,0.0,0.0
156,156,0156.png,20.0,6.0,2.3561944901923453,510.0,510.0,0.0,0.0,0.0,0.0,0.0
157,157,0157.png,20.0,6.0,2.3561944901923453,570.0,450.0,0.0,0.0,0.0,0.0,0.0
158,158,0158.png,20.0,6.0,2.3561944901923453,450.0,210.0,0.0,0.0,0.0,0.0,0.0
159,159,0159.png,20.0,6.0,2.3561944901923453,30.0,450.0,0.0,0.0,0.0,0.0,0.0
160,160,0160.png,20.0,7.0,2.3561944901923453,210.0,150.0,0.0,0.0,0.0,0.0,0.0
161,161,0161.png,20.0,7.0,2.3561944901923453,450.0,30.0,0.0,0.11407329887151718,0.0,0.0,0.0
162,162,0162.png,20.0,7.0,2.3561944901923453,450.0,390.0,0.0,0.0,0.0,0.0,0.0
163,163,0163.png,20.0,7.0,2.3561944901923453,90.0,210.0,0.0,0.0,0.0,0.0,0.0
164,164,0164.png,20.0,7.0,2.3561944901923453,330.0,570.0,0.0,0.0,0.0,0.0,0.0
165,165,0165.png,20.0,7.0,2.3561944901923453,510.0,30.0,0.0,0.14637884497642517,0.0,0.0,0.0
166,166,0166.png,20.0,7.0,2.3561944901923453,450.0,390.0,0.0,0.0,0.0,0.0,0.0
167,167,0167.png,20.0,7.0,2.3561944901923453,510.0,510.0,0.0,0.0,0.0,0.0,0.0
168,168,0168.png,20.0,7.0,2.3561944901923453,210.0,150.0,0.0,0.0,0.0,0.0,0.0
169,169,0169.png,20.0,7.0,2.3561944901923453,330.0,30.0,0.0,0.17475570738315582,0.0,0.0,0.0
170,170,0170.png,20.0,8.0,2.3561944901923453,510.0,390.0,0.0,0.0,0.0,0.0,0.0
171,171,0171.png,20.0,8.0,2.3561944901923453,30.0,510.0,0.0,0.0,0.0,0.0,0.0
172,172,0172.png,20.0,8.0,2.3561944901923453,30.0,210.0,0.0,0.0,0.0,0.0,0.0
173,173,0173.png,20.0,8.0,2.3561944901923453,90.0,510.0,0.0,0.0,0.0,0.0,0.0
174,174,0174.png,20.0,8.0,2.3561944901923453,450.0,330.0,0.0,0.0,0.0,0.0,0.0
175,175,0175.png,20.0,8.0,2.3561944901923453,570.0,390.0,0.0,0.0,0.0,0.0,0.0
176,176,0176.png,20.0,8.0,2.3561944901923453,510.0,570.0,0.0,0.0,0.0,0.0,0.0
177,177,0177.png,20.0,8.0,2.3561944901923453,210.0,30.0,0.0,0.11407335102558136,0.0,0.0,0.0
178,178,0178.png,20.0,8.0,2.3561944901923453,510.0,450.0,0.0,0.0,0.0,0.0,0.0
179,179,0179.png,20.0,8.0,2.3561944901923453,330.0,390.0,0.0,0.0,0.0,0.0,0.0
180,180,0180.png,20.0,3.0,2.748893571891069,330.0,150.0,0.0,0.0,0.0,0.0,0.0
181,181,0181.png,20.0,3.0,2.748893571891069,210.0,30.0,0.0,0.11907606571912766,0.0,0.0,0.0
182,182,0182.png,20.0,3.0,2.748893571891069,510.0,150.0,0.0,0.0,0.0,0.0,0.0
183,183,0183.png,20.0,3.0,2.748893571891069,510.0,330.0,0.0,0.0,0.0,0.0,0.0
184,184,0184.png,20.0,3.0,2.748893571891069,210.0,390.0,0.0,0.0,0.0,0.0,0.0
185,185,0185.png,20.0,3.0,2.748893571891069,30.0,570.0,0.0,0.3129122853279114,0.0,0.0,0.0
186,186,0186.png,20.0,3.0,2.748893571891069,330.0,270.0,0.0,0.0,0.0,0.0,0.0
187,187,0187.png,20.0,3.0,2.748893571891069,270.0,210.0,0.0,0.0,0.0,0.0,0.0
188,188,0188.png,20.0,3.0,2.748893571891069,330.0,90.0,0.0,0.0,0.0,0.0,0.0
189,189,0189.png,20.0,3.0,2.748893571891069,150.0,390.0,0.0,0.0,0.0,0.0,0.0
190,190,0190.png,20.0,4.0,2.748893571891069,570.0,150.0,0.0,0.0,0.0,0.0,0.0
191,191,0191.png,20.0,4.0,2.748893571891069,210.0,150.0,0.0,0.0,0.0,0.0,0.0
192,192,0192.png,20.0,4.0,2.748893571891069,30.0,210.0,0.0,0.0,0.0,0.0,0.0
193,193,0193.png,20.0,4.0,2.748893571891069,210.0,150.0,0.0,0.0,0.0,0.0,0.0
194,194,0194.png,20.0,4.0,2.748893571891069,390.0,390.0,0.0,0.0,0.0,0.0,0.0
195,195,0195.png,20.0,4.0,2.748893571891069,450.0,270.0,0.0,0.0,0.0,0.0,0.0
196,196,0196.png,20.0,4.0,2.748893571891069,150.0,90.0,0.0,0.0,0.0,0.0,0.0
197,197,0197.png,20.0,4.0,2.748893571891069,150.0,450.0,0.0,0.0,0.0,0.0,0.0
198,198,0198.png,20.0,4.0,2.748893571891069,570.0,390.0,0.0,0.0,0.0,0.0,0.0
199,199,0199.png,20.0,4.0,2.748893571891069,210.0,210.0,0.0,0.0,0.0,0.0,0.0
200,200,0200.png,20.0,5.0,2.748893571891069,210.0,510.0,0.0,0.0,0.0,0.0,0.0
201,201,0201.png,20.0,5.0,2.748893571891069,150.0,330.0,0.0,0.0,0.0,0.0,0.0
202,202,0202.png,20.0,5.0,2.748893571891069,570.0,330.0,0.0,0.0,0.0,0.0,0.0
203,203,0203.png,20.0,5.0,2.748893571891069,90.0,150.0,0.0,0.0,0.0,0.0,0.0
204,204,0204.png,20.0,5.0,2.748893571891069,270.0,270.0,0.0,0.0,0.0,0.0,0.0
205,205,0205.png,20.0,5.0,2.748893571891069,90.0,510.0,0.0,0.0,0.0,0.0,0.0
206,206,0206.png,20.0,5.0,2.748893571891069,450.0,210.0,0.0,0.0,0.0,0.0,0.0
207,207,0207.png,20.0,5.0,2.748893571891069,150.0,210.0,0.0,0.0,0.0,0.0,0.0
208,208,0208.png,20.0,5.0,2.748893571891069,570.0,150.0,0.0,0.0,0.0,0.0,0.0
209,209,0209.png,20.0,5.0,2.748893571891069,30.0,510.0,0.0,0.0,0.0,0.0,0.0
210,210,0210.png,20.0,6.0,2.748893571891069,210.0,150.0,0.0,0.0,0.0,0.0,0.0
211,211,0211.png,20.0,6.0,2.748893571891069,570.0,90.0,0.0,0.0,0.0,0.0,0.0
212,212,0212.png,20.0,6.0,2.748893571891069,150.0,90.0,0.0,0.0,0.0,0.0,0.0
213,213,0213.png,20.0,6.0,2.748893571891069,570.0,390.0,0.0,0.0,0.0,0.0,0.0
214,214,0214.png,20.0,6.0,2.748893571891069,390.0,510.0,0.0,0.0,0.0,0.0,0.0
215,215,0215.png,20.0,6.0,2.748893571891069,210.0,450.0,0.0,0.0,0.0,0.0,0.0
216,216,0216.png,20.0,6.0,2.748893571891069,510.0,150.0,0.0,0.0,0.0,0.0,0.0
217,217,0217.png,20.0,6.0,2.748893571891069,510.0,510.0,0.0,0.0,0.0,0.0,0.0
218,218,0218.png,20.0,6.0,2.748893571891069,390.0,510.0,0.0,0.0,0.0,0.0,0.0
219,219,0219.png,20.0,6.0,2.748893571891069,90.0,330.0,0.0,0.0,0.0,0.0,0.0
220,220,0220.png,20.0,7.0,2.748893571891069,510.0,330.0,0.0,0.0,0.0,0.0,0.0
221,221,0221.png,20.0,7.0,2.748893571891069,390.0,90.0,0.0,0.0,0.0,0.0,0.0
222,222,0222.png,20.0,7.0,2.748893571891069,210.0,570.0,0.0,0.44975051283836365,0.0,0.0,0.0
223,223,0223.png,20.0,7.0,2.748893571891069,510.0,270.0,0.0,0.0,0.0,0.0,0.0
224,224,0224.png,20.0,7.0,2.748893571891069,330.0,390.0,0.0,0.0,0.0,0.0,0.0
225,225,0225.png,20.0,7.0,2.748893571891069,330.0,510.0,0.0,0.0,0.0,0.0,0.0
226,226,0226.png,20.0,7.0,2.748893571891069,390.0,270.0,0.0,0.0,0.0,0.0,0.0
227,227,0227.png,20.0,7.0,2.748893571891069,330.0,510.0,0.0,0.0,0.0,0.0,0.0
228,228,0228.png,20.0,7.0,2.748893571891069,210.0,30.0,0.0,0.11907606571912766,0.0,0.0,0.0
229,229,0229.png,20.0,7.0,2.748893571891069,390.0,330.0,0.0,0.0,0.0,0.0,0.0
230,230,0230.png,20.0,8.0,2.748893571891069,570.0,30.0,0.0,0.37961819767951965,0.37961819767951965,0.0,0.0
231,231,0231.png,20.0,8.0,2.748893571891069,210.0,90.0,0.0,0.0,0.0,0.0,0.0
232,232,0232.png,20.0,8.0,2.748893571891069,270.0,270.0,0.0,0.0,0.0,0.0,0.0
233,233,0233.png,20.0,8.0,2.748893571891069,330.0,330.0,0.0,0.0,0.0,0.0,0.0
234,234,0234.png,20.0,8.0,2.748893571891069,90.0,210.0,0.0,0.0,0.0,0.0,0.0
235,235,0235.png,20.0,8.0,2.748893571891069,570.0,510.0,0.0,0.0,0.0,0.0,0.0
236,236,0236.png,20.0,8.0,2.748893571891069,510.0,90.0,0.0,0.0,0.0,0.0,0.0
237,237,0237.png,20.0,8.0,2.748893571891069,450.0,390.0,0.0,0.0,0.0,0.0,0.0
238,238,0238.png,20.0,8.0,2.748893571891069,390.0,90.0,0.0,0.0,0.0,0.0,0.0
239,239,0239.png,20.0,8.0,2.748893571891069,30.0,90.0,0.0,0.0,0.0,0.0,0.0
240,240,0240.png,20.0,3.0,3.1415926535897927,390.0,570.0,0.0,0.3800068795681,0.0,0.0,0.0
241,241,0241.png,20.0,3.0,3.1415926535897927,570.0,270.0,0.0,0.0,0.0,0.0,0.0
242,242,0242.png,20.0,3.0,3.1415926535897927,270.0,210.0,0.0,0.0,0.0,0.0,0.0
243,243,0243.png,20.0,3.0,3.1415926535897927,30.0,390.0,0.0,0.0,0.0,0.0,0.0
244,244,0244.png,20.0,3.0,3.1415926535897927,450.0,150.0,0.0,0.0,0.0,0.0,0.0
245,245,0245.png,20.0,3.0,3.1415926535897927,330.0,570.0,0.0,0.34452876448631287,0.0,0.0,0.0
246,246,0246.png,20.0,3.0,3.1415926535897927,450.0,90.0,0.0,0.0,0.0,0.0,0.0
247,247,0247.png,20.0,3.0,3.1415926535897927,510.0,570.0,0.0,0.3077620565891266,0.0,0.0,0.0
248,248,0248.png,20.0,3.0,3.1415926535897927,450.0,330.0,0.0,0.0,0.0,0.0,0.0
249,249,0249.png,20.0,3.0,3.1415926535897927,150.0,30.0,0.0,0.29066675901412964,0.0,0.0,0.0
250,250,0250.png,20.0,4.0,3.1415926535897927,450.0,390.0,0.0,0.0,0.0,0.0,0.0
251,251,0251.png,20.0,4.0,3.1415926535897927,150.0,90.0,0.0,0.0,0.0,0.0,0.0
252,252,0252.png,20.0,4.0,3.1415926535897927,210.0,270.0,0.0,0.0,0.0,0.0,0.0
253,253,0253.png,20.0,4.0,3.1415926535897927,570.0,570.0,0.43689441680908203,0.38965412974357605,0.0,0.0,0.0
254,254,0254.png,20.0,4.0,3.1415926535897927,210.0,570.0,0.0,0.2591972053050995,0.0,0.0,0.0
255,255,0255.png,20.0,4.0,3.1415926535897927,450.0,270.0,0.0,0.0,0.0,0.0,0.0
256,256,0256.png,20.0,4.0,3.1415926535897927,270.0,390.0,0.0,0.0,0.0,0.0,0.0
257,257,0257.png,20.0,4.0,3.1415926535897927,90.0,210.0,0.0,0.0,0.0,0.0,0.0
258,258,0258.png,20.0,4.0,3.1415926535897927,270.0,90.0,0.0,0.0,0.0,0.0,0.0
259,259,0259.png,20.0,4.0,3.1415926535897927,270.0,450.0,0.0,0.0,0.0,0.0,0.0
260,260,0260.png,20.0,5.0,3.1415926535897927,330.0,330.0,0.0,0.0,0.0,0.0,0.0
261,261,0261.png,20.0,5.0,3.1415926535897927,210.0,30.0,0.0,0.3178580701351166,0.0,0.0,0.0
262,262,0262.png,20.0,5.0,3.1415926535897927,270.0,570.0,0.0,0.0,0.0,0.0,0.0
263,263,0263.png,20.0,5.0,3.1415926535897927,210.0,570.0,0.0,0.0,0.0,0.0,0.0
264,264,0264.png,20.0,5.0,3.1415926535897927,90.0,270.0,0.0,0.0,0.0,0.0,0.0
265,265,0265.png,20.0,5.0,3.1415926535897927,510.0,570.0,0.0,0.0,0.0,0.0,0.0
266,266,0266.png,20.0,5.0,3.1415926535897927,510.0,390.0,0.0,0.0,0.0,0.0,0.0
267,267,0267.png,20.0,5.0,3.1415926535897927,450.0,570.0,0.0,0.2591974437236786,0.0,0.0,0.0
268,268,0268.png,20.0,5.0,3.1415926535897927,210.0,270.0,0.0,0.0,0.0,0.0,0.0
269,269,0269.png,20.0,5.0,3.1415926535897927,390.0,450.0,0.0,0.0,0.0,0.0,0.0
270,270,0270.png,20.0,6.0,3.1415926535897927,210.0,330.0,0.0,0.0,0.0,0.0,0.0
271,271,0271.png,20.0,6.0,3.1415926535897927,30.0,330.0,0.0,0.0,0.0,0.0,0.0
272,272,0272.png,20.0,6.0,3.1415926535897927,570.0,210.0,0.0,0.0,0.0,0.0,0.0
273,273,0273.png,20.0,6.0,3.1415926535897927,210.0,210.0,0.0,0.0,0.0,0.0,0.0
274,274,0274.png,20.0,6.0,3.1415926535897927,30.0,510.0,0.0,0.0,0.0,0.0,0.0
275,275,0275.png,20.0,6.0,3.1415926535897927,450.0,30.0,0.0,0.3178580701351166,0.0,0.0,0.0
276,276,0276.png,20.0,6.0,3.1415926535897927,390.0,390.0,0.0,0.0,0.0,0.0,0.0
277,277,0277.png,20.0,6.0,3.1415926535897927,30.0,210.0,0.0,0.0,0.0,0.0,0.0
278,278,0278.png,20.0,6.0,3.1415926535897927,570.0,150.0,0.0,0.0,0.0,0.0,0.0
279,279,0279.png,20.0,6.0,3.1415926535897927,510.0,270.0,0.0,0.0,0.0,0.0,0.0
280,280,0280.png,20.0,7.0,3.1415926535897927,150.0,210.0,0.0,0.0,0.0,0.0,0.0
281,281,0281.png,20.0,7.0,3.1415926535897927,390.0,510.0,0.0,0.0,0.0,0.0,0.0
282,282,0282.png,20.0,7.0,3.1415926535897927,450.0,450.0,0.0,0.0,0.0,0.0,0.0
283,283,0283.png,20.0,7.0,3.1415926535897927,390.0,30.0,0.0,0.2906665802001953,0.0,0.0,0.0
284,284,0284.png,20.0,7.0,3.1415926535897927,150.0,270.0,0.0,0.0,0.0,0.0,0.0
285,285,0285.png,20.0,7.0,3.1415926535897927,90.0,210.0,0.0,0.0,0.0,0.0,0.0
286,286,0286.png,20.0,7.0,3.1415926535897927,570.0,570.0,0.43689441680908203,0.0,0.0,0.0,0.0
287,287,0287.png,20.0,7.0,3.1415926535897927,210.0,570.0,0.0,0.2579791843891144,0.0,0.0,0.0
288,288,0288.png,20.0,7.0,3.1415926535897927,270.0,30.0,0.0,0.3444434404373169,0.0,0.0,0.0
289,289,0289.png,20.0,7.0,3.1415926535897927,330.0,270.0,0.0,0.0,0.0,0.0,0.0
290,290,0290.png,20.0,8.0,3.1415926535897927,570.0,570.0,0.43689441680908203,0.0,0.0,0.0,0.0
291,291,0291.png,20.0,8.0,3.1415926535897927,30.0,270.0,0.0,0.0,0.0,0.0,0.0
292,292,0292.png,20.0,8.0,3.1415926535897927,90.0,510.0,0.0,0.0,0.0,0.0,0.0
293,293,0293.png,20.0,8.0,3.1415926535897927,330.0,390.0,0.0,0.0,0.0,0.0,0.0
294,294,0294.png,20.0,8.0,3.1415926535897927,150.0,90.0,0.0,0.0,0.0,0.0,0.0
295,295,0295.png,20.0,8.0,3.1415926535897927,90.0,270.0,0.0,0.0,0.0,0.0,0.0
296,296,0296.png,20.0,8.0,3.1415926535897927,570.0,510.0,0.0,0.0,0.0,0.0,0.0
297,297,0297.png,20.0,8.0,3.1415926535897927,30.0,450.0,0.0,0.0,0.0,0.0,0.0
298,298,0298.png,20.0,8.0,3.1415926535897927,330.0,390.0,0.0,0.0,0.0,0.0,0.0
299,299,0299.png,20.0,8.0,3.1415926535897927,270.0,30.0,0.0,0.3444434404373169,0.0,0.0,0.0
300,300,0300.png,20.0,3.0,3.5342917352885173,210.0,270.0,0.0,0.0,0.0,0.0,0.0
301,301,0301.png,20.0,3.0,3.5342917352885173,570.0,330.0,0.0,0.0,0.0,0.0,0.0
302,302,0302.png,20.0,3.0,3.5342917352885173,150.0,30.0,0.0,0.31474635004997253,0.0,0.0,0.0
303,303,0303.png,20.0,3.0,3.5342917352885173,450.0,330.0,0.0,0.0,0.0,0.0,0.0
304,304,0304.png,20.0,3.0,3.5342917352885173,510.0,390.0,0.0,0.0,0.0,0.0,0.0
305,305,0305.png,20.0,3.0,3.5342917352885173,510.0,90.0,0.0,0.0,0.0,0.0,0.0
306,306,0306.png,20.0,3.0,3.5342917352885173,510.0,30.0,0.0,0.32929015159606934,0.0,0.0,0.0
307,307,0307.png,20.0,3.0,3.5342917352885173,210.0,270.0,0.0,0.0,0.0,0.0,0.0
308,308,0308.png,20.0,3.0,3.5342917352885173,210.0,330.0,0.0,0.0,0.0,0.0,0.0
309,309,0309.png,20.0,3.0,3.5342917352885173,330.0,270.0,0.0,0.0,0.0,0.0,0.0
310,310,0310.png,20.0,4.0,3.5342917352885173,330.0,570.0,0.0,0.0,0.0,0.0,0.0
311,311,0311.png,20.0,4.0,3.5342917352885173,510.0,570.0,0.0,0.0,0.0,0.0,0.0
312,312,0312.png,20.0,4.0,3.5342917352885173,510.0,330.0,0.0,0.0,0.0,0.0,0.0
313,313,0313.png,20.0,4.0,3.5342917352885173,390.0,510.0,0.0,0.0,0.0,0.0,0.0
314,314,0314.png,20.0,4.0,3.5342917352885173,210.0,150.0,0.0,0.0,0.0,0.0,0.0
315,315,0315.png,20.0,4.0,3.5342917352885173,210.0,210.0,0.0,0.0,0.0,0.0,0.0
316,316,0316.png,20.0,4.0,3.5342917352885173,210.0,330.0,0.0,0.0,0.0,0.0,0.0
317,317,0317.png,20.0,4.0,3.5342917352885173,150.0,30.0,0.0,0.31474635004997253,0.0,0.0,0.0
318,318,0318.png,20.0,4.0,3.5342917352885173,510.0,390.0,0.0,0.0,0.0,0.0,0.0
319,319,0319.png,20.0,4.0,3.5342917352885173,30.0,450.0,0.0,0.0,0.0,0.0,0.0
320,320,0320.png,20.0,5.0,3.5342917352885173,150.0,570.0,0.0,0.0,0.0,0.0,0.0
321,321,0321.png,20.0,5.0,3.5342917352885173,90.0,210.0,0.0,0.0,0.0,0.0,0.0
322,322,0322.png,20.0,5.0,3.5342917352885173,390.0,450.0,0.0,0.0,0.0,0.0,0.0
323,323,0323.png,20.0,5.0,3.5342917352885173,330.0,90.0,0.0,0.0,0.0,0.0,0.0
324,324,0324.png,20.0,5.0,3.5342917352885173,210.0,510.0,0.0,0.0,0.0,0.0,0.0
325,325,0325.png,20.0,5.0,3.5342917352885173,30.0,330.0,0.0,0.0,0.0,0.0,0.0
326,326,0326.png,20.0,5.0,3.5342917352885173,270.0,510.0,0.0,0.0,0.0,0.0,0.0
327,327,0327.png,20.0,5.0,3.5342917352885173,510.0,90.0,0.0,0.0,0.0,0.0,0.0
328,328,0328.png,20.0,5.0,3.5342917352885173,510.0,510.0,0.0,0.0,0.0,0.0,0.0
329,329,0329.png,20.0,5.0,3.5342917352885173,270.0,270.0,0.0,0.0,0.0,0.0,0.0
330,330,0330.png,20.0,6.0,3.5342917352885173,150.0,570.0,0.0,0.0,0.0,0.0,0.0
331,331,0331.png,20.0,6.0,3.5342917352885173,510.0,210.0,0.0,0.0,0.0,0.0,0.0
332,332,0332.png,20.0,6.0,3.5342917352885173,150.0,90.0,0.0,0.0,0.0,0.0,0.0
333,333,0333.png,20.0,6.0,3.5342917352885173,510.0,30.0,0.0,0.32929015159606934,0.0,0.0,0.0
334,334,0334.png,20.0,6.0,3.5342917352885173,330.0,570.0,0.0,0.0,0.0,0.0,0.0
335,335,0335.png,20.0,6.0,3.5342917352885173,90.0,330.0,0.0,0.0,0.0,0.0,0.0
336,336,0336.png,20.0,6.0,3.5342917352885173,150.0,270.0,0.0,0.0,0.0,0.0,0.0
337,337,0337.png,20.0,6.0,3.5342917352885173,450.0,390.0,0.0,0.0,0.0,0.0,0.0
338,338,0338.png,20.0,6.0,3.5342917352885173,510.0,210.0,0.0,0.0,0.0,0.0,0.0
339,339,0339.png,20.0,6.0,3.5342917352885173,510.0,30.0,0.0,0.32929015159606934,0.0,0.0,0.0
340,340,0340.png,20.0,7.0,3.5342917352885173,210.0,210.0,0.0,0.0,0.0,0.0,0.0
341,341,0341.png,20.0,7.0,3.5342917352885173,330.0,330.0,0.0,0.0,0.0,0.0,0.0
342,342,0342.png,20.0,7.0,3.5342917352885173,150.0,510.0,0.0,0.0,0.0,0.0,0.0
343,343,0343.png,20.0,7.0,3.5342917352885173,450.0,270.0,0.0,0.0,0.0,0.0,0.0
344,344,0344.png,20.0,7.0,3.5342917352885173,450.0,450.0,0.0,0.0,0.0,0.0,0.0
345,345,0345.png,20.0,7.0,3.5342917352885173,270.0,390.0,0.0,0.0,0.0,0.0,0.0
346,346,0346.png,20.0,7.0,3.5342917352885173,90.0,90.0,0.0,0.0,0.0,0.0,0.0
347,347,0347.png,20.0,7.0,3.5342917352885173,570.0,270.0,0.0,0.0,0.0,0.0,0.0
348,348,0348.png,20.0,7.0,3.5342917352885173,450.0,210.0,0.0,0.0,0.0,0.0,0.0
349,349,0349.png,20.0,7.0,3.5342917352885173,30.0,30.0,0.0,0.5457125902175903,0.0,0.0,0.0
350,350,0350.png,20.0,8.0,3.5342917352885173,570.0,510.0,0.0,0.0,0.0,0.0,0.0
351,351,0351.png,20.0,8.0,3.5342917352885173,330.0,150.0,0.0,0.0,0.0,0.0,0.0
352,352,0352.png,20.0,8.0,3.5342917352885173,330.0,570.0,0.0,0.0,0.0,0.0,0.0
353,353,0353.png,20.0,8.0,3.5342917352885173,510.0,210.0,0.0,0.0,0.0,0.0,0.0
354,354,0354.png,20.0,8.0,3.5342917352885173,30.0,570.0,0.0,0.0,0.0,0.0,0.0
355,355,0355.png,20.0,8.0,3.5342917352885173,30.0,330.0,0.0,0.0,0.0,0.0,0.0
356,356,0356.png,20.0,8.0,3.5342917352885173,570.0,90.0,0.0,0.0,0.0,0.0,0.0
357,357,0357.png,20.0,8.0,3.5342917352885173,150.0,510.0,0.0,0.0,0.0,0.0,0.0
358,358,0358.png,20.0,8.0,3.5342917352885173,210.0,270.0,0.0,0.0,0.0,0.0,0.0
359,359,0359.png,20.0,8.0,3.5342917352885173,30.0,510.0,0.0,0.0,0.0,0.0,0.0
360,360,0360.png,20.0,3.0,3.9269908169872414,390.0,570.0,0.0,0.38773927092552185,0.0,0.0,0.0
361,361,0361.png,20.0,3.0,3.9269908169872414,450.0,30.0,0.0,0.27186012268066406,0.0,0.0,0.0
362,362,0362.png,20.0,3.0,3.9269908169872414,150.0,450.0,0.0,0.0,0.0,0.0,0.0
363,363,0363.png,20.0,3.0,3.9269908169872414,450.0,90.0,0.0,0.0,0.0,0.0,0.0
364,364,0364.png,20.0,3.0,3.9269908169872414,330.0,570.0,0.0,0.0,0.0,0.0,0.0
365,365,0365.png,20.0,3.0,3.9269908169872414,330.0,90.0,0.0,0.0,0.0,0.0,0.0
366,366,0366.png,20.0,3.0,3.9269908169872414,30.0,510.0,0.0,0.24682481586933136,0.0,0.0,0.0
367,367,0367.png,20.0,3.0,3.9269908169872414,210.0,330.0,0.0,0.0,0.0,0.0,0.0
368,368,0368.png,20.0,3.0,3.9269908169872414,330.0,390.0,0.0,0.0,0.0,0.0,0.0
369,369,0369.png,20.0,3.0,3.9269908169872414,270.0,390.0,0.0,0.0,0.0,0.0,0.0
370,370,0370.png,20.0,4.0,3.9269908169872414,270.0,90.0,0.0,0.0,0.0,0.0,0.0
371,371,0371.png,20.0,4.0,3.9269908169872414,450.0,390.0,0.0,0.0,0.0,0.0,0.0
372,372,0372.png,20.0,4.0,3.9269908169872414,450.0,450.0,0.0,0.0,0.0,0.0,0.0
373,373,0373.png,20.0,4.0,3.9269908169872414,450.0,390.0,0.0,0.0,0.0,0.0,0.0
374,374,0374.png,20.0,4.0,3.9269908169872414,450.0,210.0,0.0,0.0,0.0,0.0,0.0
375,375,0375.png,20.0,4.0,3.9269908169872414,270.0,90.0,0.0,0.0,0.0,0.0,0.0
376,376,0376.png,20.0,4.0,3.9269908169872414,510.0,330.0,0.0,0.0,0.0,0.0,0.0
377,377,0377.png,20.0,4.0,3.9269908169872414,450.0,390.0,0.0,0.0,0.0,0.0,0.0
378,378,0378.png,20.0,4.0,3.9269908169872414,570.0,30.0,0.0,0.26552122831344604,0.4284244775772095,0.0,0.0
379,379,0379.png,20.0,4.0,3.9269908169872414,90.0,270.0,0.0,0.0,0.0,0.0,0.0
380,380,0380.png,20.0,5.0,3.9269908169872414,270.0,570.0,0.0,0.0,0.0,0.0,0.0
381,381,0381.png,20.0,5.0,3.9269908169872414,150.0,150.0,0.0,0.0,0.0,0.0,0.0
382,382,0382.png,20.0,5.0,3.9269908169872414,210.0,510.0,0.0,0.0,0.0,0.0,0.0
383,383,0383.png,20.0,5.0,3.9269908169872414,150.0,150.0,0.0,0.0,0.0,0.0,0.0
384,384,0384.png,20.0,5.0,3.9269908169872414,90.0,510.0,0.0,0.0,0.0,0.0,0.0
385,385,0385.png,20.0,5.0,3.9269908169872414,150.0,30.0,0.0,0.24149274826049805,0.0,0.0,0.0
386,386,0386.png,20.0,5.0,3.9269908169872414,390.0,270.0,0.0,0.0,0.0,0.0,0.0
387,387,0387.png,20.0,5.0,3.9269908169872414,330.0,330.0,0.0,0.0,0.0,0.0,0.0
388,388,0388.png,20.0,5.0,3.9269908169872414,330.0,570.0,0.0,0.3623235821723938,0.0,0.0,0.0
389,389,0389.png,20.0,5.0,3.9269908169872414,450.0,210.0,0.0,0.0,0.0,0.0,0.0
390,390,0390.png,20.0,6.0,3.9269908169872414,570.0,330.0,0.0,0.0,0.0,0.0,0.0
391,391,0391.png,20.0,6.0,3.9269908169872414,270.0,390.0,0.0,0.0,0.0,0.0,0.0
392,392,0392.png,20.0,6.0,3.9269908169872414,330.0,150.0,0.0,0.0,0.0,0.0,0.0
393,393,0393.png,20.0,6.0,3.9269908169872414,30.0,210.0,0.0,0.0,0.0,0.0,0.0
394,394,0394.png,20.0,6.0,3.9269908169872414,150.0,390.0,0.0,0.0,0.0,0.0,0.0
395,395,0395.png,20.0,6.0,3.9269908169872414,510.0,90.0,0.0,0.0,0.0,0.0,0.0
396,396,0396.png,20.0,6.0,3.9269908169872414,90.0,570.0,0.0,0.0,0.0,0.0,0.0
397,397,0397.png,20.0,6.0,3.9269908169872414,330.0,210.0,0.0,0.0,0.0,0.0,0.0
398,398,0398.png,20.0,6.0,3.9269908169872414,450.0,390.0,0.0,0.0,0.0,0.0,0.0
399,399,0399.png,20.0,6.0,3.9269908169872414,270.0,510.0,0.0,0.0,0.0,0.0,0.0
400,400,0400.png,20.0,7.0,3.9269908169872414,270.0,270.0,0.0,0.0,0.0,0.0,0.0
401,401,0401.png,20.0,7.0,3.9269908169872414,210.0,570.0,0.0,0.0,0.0,0.0,0.0
402,402,0402.png,20.0,7.0,3.9269908169872414,390.0,330.0,0.0,0.0,0.0,0.0,0.0
403,403,0403.png,20.0,7.0,3.9269908169872414,90.0,90.0,0.0,0.0,0.0,0.0,0.0
404,404,0404.png,20.0,7.0,3.9269908169872414,570.0,570.0,0.0,0.0,0.4466384947299957,0.0,0.0
405,405,0405.png,20.0,7.0,3.9269908169872414,390.0,510.0,0.0,0.0,0.0,0.0,0.0
406,406,0406.png,20.0,7.0,3.9269908169872414,210.0,390.0,0.0,0.0,0.0,0.0,0.0
407,407,0407.png,20.0,7.0,3.9269908169872414,150.0,330.0,0.0,0.0,0.0,0.0,0.0
408,408,0408.png,20.0,7.0,3.9269908169872414,510.0,30.0,0.0,0.2745003402233124,0.0,0.0,0.0
409,409,0409.png,20.0,7.0,3.9269908169872414,210.0,570.0,0.0,0.0,0.0,0.0,0.0
410,410,0410.png,20.0,8.0,3.9269908169872414,30.0,30.0,0.0,0.4196178615093231,0.0,0.0,0.0
411,411,0411.png,20.0,8.0,3.9269908169872414,270.0,270.0,0.0,0.0,0.0,0.0,0.0
412,412,0412.png,20.0,8.0,3.9269908169872414,270.0,270.0,0.0,0.0,0.0,0.0,0.0
413,413,0413.png,20.0,8.0,3.9269908169872414,90.0,330.0,0.0,0.0,0.0,0.0,0.0
414,414,0414.png,20.0,8.0,3.9269908169872414,270.0,270.0,0.0,0.0,0.0,0.0,0.0
415,415,0415.png,20.0,8.0,3.9269908169872414,30.0,510.0,0.0,0.0,0.0,0.0,0.0
416,416,0416.png,20.0,8.0,3.9269908169872414,510.0,450.0,0.0,0.0,0.0,0.0,0.0
417,417,0417.png,20.0,8.0,3.9269908169872414,330.0,90.0,0.0,0.0,0.0,0.0,0.0
418,418,0418.png,20.0,8.0,3.9269908169872414,390.0,510.0,0.0,0.0,0.0,0.0,0.0
419,419,0419.png,20.0,8.0,3.9269908169872414,30.0,330.0,0.0,0.0,0.0,0.0,0.0
420,420,0420.png,20.0,3.0,4.319689898685965,270.0,270.0,0.0,0.0,0.0,0.0,0.0
421,421,0421.png,20.0,3.0,4.319689898685965,210.0,390.0,0.0,0.0,0.0,0.0,0.0
422,422,0422.png,20.0,3.0,4.319689898685965,450.0,210.0,0.0,0.0,0.0,0.0,0.0
423,423,0423.png,20.0,3.0,4.319689898685965,90.0,30.0,0.0,0.14956091344356537,0.0,0.0,0.0
424,424,0424.png,20.0,3.0,4.319689898685965,570.0,150.0,0.0,0.0,0.0,0.0,0.0
425,425,0425.png,20.0,3.0,4.319689898685965,210.0,330.0,0.0,0.0,0.0,0.0,0.0
426,426,0426.png,20.0,3.0,4.319689898685965,150.0,150.0,0.0,0.0,0.0,0.0,0.0
427,427,0427.png,20.0,3.0,4.319689898685965,30.0,210.0,0.0,0.0,0.0,0.0,0.0
428,428,0428.png,20.0,3.0,4.319689898685965,150.0,450.0,0.0,0.0,0.0,0.0,0.0
429,429,0429.png,20.0,3.0,4.319689898685965,510.0,30.0,0.0,0.09811407327651978,0.0,0.0,0.0
430,430,0430.png,20.0,4.0,4.319689898685965,450.0,270.0,0.0,0.0,0.0,0.0,0.0
431,431,0431.png,20.0,4.0,4.319689898685965,210.0,210.0,0.0,0.0,0.0,0.0,0.0
432,432,0432.png,20.0,4.0,4.319689898685965,30.0,450.0,0.0,0.0,0.0,0.0,0.0
433,433,0433.png,20.0,4.0,4.319689898685965,150.0,90.0,0.0,0.0,0.0,0.0,0.0
434,434,0434.png,20.0,4.0,4.319689898685965,570.0,390.0,0.0,0.263313889503479,0.0,0.0,0.0
435,435,0435.png,20.0,4.0,4.319689898685965,270.0,330.0,0.0,0.0,0.0,0.0,0.0
436,436,0436.png,20.0,4.0,4.319689898685965,330.0,570.0,0.0,0.404549241065979,0.0,0.0,0.0
437,437,0437.png,20.0,4.0,4.319689898685965,210.0,330.0,0.0,0.0,0.0,0.0,0.0
438,438,0438.png,20.0,4.0,4.319689898685965,390.0,510.0,0.0,0.0,0.0,0.0,0.0
439,439,0439.png,20.0,4.0,4.319689898685965,270.0,330.0,0.0,0.0,0.0,0.0,0.0
440,440,0440.png,20.0,5.0,4.319689898685965,510.0,570.0,0.0,0.0,0.0,0.0,0.0
441,441,0441.png,20.0,5.0,4.319689898685965,510.0,210.0,0.0,0.0,0.0,0.0,0.0
442,442,0442.png,20.0,5.0,4.319689898685965,390.0,450.0,0.0,0.0,0.0,0.0,0.0
443,443,0443.png,20.0,5.0,4.319689898685965,570.0,270.0,0.0,0.0,0.0,0.0,0.0
444,444,0444.png,20.0,5.0,4.319689898685965,210.0,570.0,0.0,0.0,0.0,0.0,0.0
445,445,0445.png,20.0,5.0,4.319689898685965,150.0,30.0,0.0,0.15187741816043854,0.0,0.0,0.0
446,446,0446.png,20.0,5.0,4.319689898685965,30.0,450.0,0.0,0.0,0.0,0.0,0.0
447,447,0447.png,20.0,5.0,4.319689898685965,90.0,570.0,0.0,0.4044244885444641,0.0,0.0,0.0
448,448,0448.png,20.0,5.0,4.319689898685965,570.0,30.0,0.0,0.5035426020622253,0.2675796449184418,0.0,0.0
449,449,0449.png,20.0,5.0,4.319689898685965,390.0,30.0,0.0,0.15187741816043854,0.0,0.0,0.0
450,450,0450.png,20.0,6.0,4.319689898685965,510.0,150.0,0.0,0.0,0.0,0.0,0.0
451,451,0451.png,20.0,6.0,4.319689898685965,270.0,150.0,0.0,0.0,0.0,0.0,0.0
452,452,0452.png,20.0,6.0,4.319689898685965,510.0,570.0,0.0,0.4230678379535675,0.0,0.0,0.0
453,453,0453.png,20.0,6.0,4.319689898685965,390.0,570.0,0.0,0.3651704490184784,0.0,0.0,0.0
454,454,0454.png,20.0,6.0,4.319689898685965,390.0,30.0,0.0,0.15187741816043854,0.0,0.0,0.0
455,455,0455.png,20.0,6.0,4.319689898685965,570.0,90.0,0.0,0.0,0.0,0.0,0.0
456,456,0456.png,20.0,6.0,4.319689898685965,450.0,210.0,0.0,0.0,0.0,0.0,0.0
457,457,0457.png,20.0,6.0,4.319689898685965,150.0,450.0,0.0,0.0,0.0,0.0,0.0
458,458,0458.png,20.0,6.0,4.319689898685965,210.0,90.0,0.0,0.0,0.0,0.0,0.0
459,459,0459.png,20.0,6.0,4.319689898685965,210.0,570.0,0.0,0.44202807545661926,0.0,0.0,0.0
460,460,0460.png,20.0,7.0,4.319689898685965,570.0,210.0,0.0,0.0,0.0,0.0,0.0
461,461,0461.png,20.0,7.0,4.319689898685965,30.0,390.0,0.0,0.0,0.0,0.0,0.0
462,462,0462.png,20.0,7.0,4.319689898685965,90.0,150.0,0.0,0.0,0.0,0.0,0.0
463,463,0463.png,20.0,7.0,4.319689898685965,510.0,390.0,0.0,0.0,0.0,0.0,0.0
464,464,0464.png,20.0,7.0,4.319689898685965,450.0,150.0,0.0,0.0,0.0,0.0,0.0
465,465,0465.png,20.0,7.0,4.319689898685965,570.0,30.0,0.0,0.5035426020622253,0.2675796449184418,0.0,0.0
466,466,0466.png,20.0,7.0,4.319689898685965,510.0,330.0,0.0,0.0,0.0,0.0,0.0
467,467,0467.png,20.0,7.0,4.319689898685965,390.0,450.0,0.0,0.0,0.0,0.0,0.0
468,468,0468.png,20.0,7.0,4.319689898685965,210.0,390.0,0.0,0.0,0.0,0.0,0.0
469,469,0469.png,20.0,7.0,4.319689898685965,150.0,90.0,0.0,0.0,0.0,0.0,0.0
470,470,0470.png,20.0,8.0,4.319689898685965,90.0,510.0,0.0,0.0,0.0,0.0,0.0
471,471,0471.png,20.0,8.0,4.319689898685965,30.0,150.0,0.0,0.0,0.0,0.0,0.0
472,472,0472.png,20.0,8.0,4.319689898685965,90.0,510.0,0.0,0.0,0.0,0.0,0.0
473,473,0473.png,20.0,8.0,4.319689898685965,390.0,570.0,0.0,0.0,0.0,0.0,0.0
474,474,0474.png,20.0,8.0,4.319689898685965,30.0,570.0,0.0,0.3553723692893982,0.0,0.0,0.0
475,475,0475.png,20.0,8.0,4.319689898685965,150.0,330.0,0.0,0.0,0.0,0.0,0.0
476,476,0476.png,20.0,8.0,4.319689898685965,330.0,150.0,0.0,0.0,0.0,0.0,0.0
477,477,0477.png,20.0,8.0,4.319689898685965,150.0,450.0,0.0,0.0,0.0,0.0,0.0
478,478,0478.png,20.0,8.0,4.319689898685965,90.0,90.0,0.0,0.0,0.0,0.0,0.0
479,479,0479.png,20.0,8.0,4.319689898685965,210.0,150.0,0.0,0.0,0.0,0.0,0.0
